Title,Year,Source title,Cited by,DOI,Link,Period,Extracted,Notes
Convolutional neural networks for sentence classification,2014,ACL,8128,10.3115/v1/d14-1181,https://www.scopus.com/inward/record.uri?eid=2-s2.0-84961376850&doi=10.3115%2fv1%2fd14-1181&partnerID=40&md5=38be18f19001ceea9ee8cacdc60d2e3c,15,O,
Transformers: State-of-the-Art Natural Language Processing,2020,ACL,7782,10.18653/v1/2020.emnlp-demos.6,https://www.scopus.com/inward/record.uri?eid=2-s2.0-85173485086&partnerID=40&md5=25e3c4a576f5a1f1589756e1dbad3074,15,O,
Deep contextualized word representations,2018,ACL,6895,10.18653/v1/N18-1202,https://www.scopus.com/inward/record.uri?eid=2-s2.0-85083491761&partnerID=40&md5=b20e333fa3c619b9f3fe4d3b4d33bf4e,15,O,Miller et al 1994 weird reference with semcor 3.0
"SQuad: 100,000+ questions for machine comprehension of text",2016,ACL,4049,10.18653/v1/d16-1264,https://www.scopus.com/inward/record.uri?eid=2-s2.0-85071396128&doi=10.18653%2fv1%2fd16-1264&partnerID=40&md5=1f3910cbbfd2e7859f54a4bc41e9b8f9,15,O,
Unsupervised cross-lingual representation learning at scale,2020,ACL,3284,10.18653/v1/2020.acl-main.747,https://www.scopus.com/inward/record.uri?eid=2-s2.0-85117951188&partnerID=40&md5=9de413c45a8bd91ff3b421c10f2ef5a9,15,O,
"BART: Denoising sequence-to-sequence pre-training for natural language generation, translation, and comprehension",2020,ACL,5532,10.18653/v1/2020.acl-main.703,https://www.scopus.com/inward/record.uri?eid=2-s2.0-85115443344&partnerID=40&md5=68efdf1732c50aade60d049337fb10e1,15,O,pretraining data abstracted behind reference
Neural machine translation of rare words with subword units,2016,ACL,4517,10.18653/v1/p16-1162,https://www.scopus.com/inward/record.uri?eid=2-s2.0-85011827221&doi=10.18653%2fv1%2fp16-1162&partnerID=40&md5=535e3d4ab018357fbc86b60be458aeea,15,O,
Recursive deep models for semantic compositionality over a sentiment treebank,2013,ACL,6172,https://aclanthology.org/D13-1170/,https://www.scopus.com/inward/record.uri?eid=2-s2.0-84926358845&partnerID=40&md5=aee25e7557c51d87ca49204c286b2813,15,O,
Get to the point: Summarization with pointer-generator networks,2017,ACL,2646,10.18653/v1/P17-1099,https://www.scopus.com/inward/record.uri?eid=2-s2.0-85037342720&doi=10.18653%2fv1%2fP17-1099&partnerID=40&md5=9f80a19297f6003b23a8694380c755f8,15,O,
"Fairseq: A fast, extensible toolkit for sequence modeling",2019,ACL,2182,10.18653/v1/N19-4009,https://www.scopus.com/inward/record.uri?eid=2-s2.0-85084341667&partnerID=40&md5=c727a4dbf1a9d7ce5a7c35a0077b4cab,15,O,some datasets are not mentioned specifically
SentencePiece: A simple and language independent subword tokenizer and detokenizer for neural text processing,2018,ACL,2117,10.18653/v1/d18-2012,https://www.scopus.com/inward/record.uri?eid=2-s2.0-85066882227&doi=10.18653%2fv1%2fd18-2012&partnerID=40&md5=ee4459d12c71e91041ceeba67af9bffc,15,O,
A broad-coverage challenge corpus for sentence understanding through inference,2018,ACL,2625,10.18653/v1/N18-1101,https://www.scopus.com/inward/record.uri?eid=2-s2.0-85057274694&partnerID=40&md5=a27cf9c4d053a153a37b27e04c15e3a1,15,O,
Sentence-BERT: Sentence embeddings using siamese BERT-networks,2019,ACL,6220,10.48550/arXiv.1908.10084,https://www.scopus.com/inward/record.uri?eid=2-s2.0-85084192855&partnerID=40&md5=b39fed2a6b4235a7d5956be31e03083b,15,O,
GloVe: Global vectors for word representation,2014,ACL,27202,10.3115/v1/d14-1162,https://www.scopus.com/inward/record.uri?eid=2-s2.0-84961289992&doi=10.3115%2fv1%2fd14-1162&partnerID=40&md5=53f2b22fdb7676d7ea744a3676c76cc8,15,O,references are hard to follow or just non-existent; ace phase 2 not to be found
Learning phrase representations using RNN encoder-decoder for statistical machine translation,2014,ACL,11823,10.3115/v1/d14-1179,https://www.scopus.com/inward/record.uri?eid=2-s2.0-84961291190&doi=10.3115%2fv1%2fd14-1179&partnerID=40&md5=c2352cbf63baff24b33f2291e0016bad,15,O,dataset not mentioned properly
The stanford CoreNLP natural language processing toolkit,2014,ACL,5843,10.3115/v1/P14-5010,https://www.scopus.com/inward/record.uri?eid=2-s2.0-85117622017&partnerID=40&md5=206451188c6b87acf1b89d06ec52602a,15,O,"""some annotators are trained with data"" - doesn't mention the data"
A large annotated corpus for learning natural language inference,2015,ACL,2562,10.18653/v1/d15-1075,https://www.scopus.com/inward/record.uri?eid=2-s2.0-84959892771&doi=10.18653%2fv1%2fd15-1075&partnerID=40&md5=64433b15e7a25e8ee537e6fbc1ff8df5,15,O,
Attention-based LSTM for aspect-level sentiment classification,2016,ACL,2171,10.18653/v1/d16-1058,https://www.scopus.com/inward/record.uri?eid=2-s2.0-85072824815&doi=10.18653%2fv1%2fd16-1058&partnerID=40&md5=abc89f31f4182e3664d2c116405898fd,15,O,
Bag of tricks for efficient text classification,2017,ACL,2150,10.18653/v1/e17-2068,https://www.scopus.com/inward/record.uri?eid=2-s2.0-85021687289&doi=10.18653%2fv1%2fe17-2068&partnerID=40&md5=cc37e012bc6c160d22324b82832bb279,15,O,"8 dataset abstracted behind references; some of those datasets present in ""data"" section but not all (az. missing)"
Effective approaches to attention-based neural machine translation,2015,ACL,4150,10.18653/v1/d15-1166,https://www.scopus.com/inward/record.uri?eid=2-s2.0-84959874994&doi=10.18653%2fv1%2fd15-1166&partnerID=40&md5=ab55c8a2f9d64922cb7e6b84400dfbbd,15,O,2 additional unreferenced datasets mentioned on the ACL website
Linguistic regularities in continuous spaceword representations,2013,ACL,2673,https://aclanthology.org/N13-1090/,https://www.scopus.com/inward/record.uri?eid=2-s2.0-84926179397&partnerID=40&md5=f1becaf90c3fa1b25a5d1d89f5711f67,15,O,
Neural architectures for named entity recognition,2016,ACL,2608,10.18653/v1/n16-1030,https://www.scopus.com/inward/record.uri?eid=2-s2.0-84994130883&doi=10.18653%2fv1%2fn16-1030&partnerID=40&md5=b8f81a5fe857804bc2fdf97c60f92860,15,O,in the website other datasets (CoNLL+ for instance) are mentioned without reference
BERT: Pre-training of deep bidirectional transformers for language understanding,2019,ACL,44198,10.18653/v1/N19-1423,https://www.scopus.com/inward/record.uri?eid=2-s2.0-85083815650&partnerID=40&md5=4986c6d6076c0c91df84d17216b47216,15,O,enligsh wikipedia unspecified
Learning word vectors for sentiment analysis,2011,ACL,4040,https://aclanthology.org/P11-1015/,https://www.scopus.com/inward/record.uri?eid=2-s2.0-84859023447&partnerID=40&md5=85ef514569a2fbc199f994fe946a6c17,15,O,
Hierarchical attention networks for document classification,2016,ACL,4279,10.18653/v1/n16-1174,https://www.scopus.com/inward/record.uri?eid=2-s2.0-84994158553&doi=10.18653%2fv1%2fn16-1174&partnerID=40&md5=617197a966973cc4fb1d505ec10ad6ea,15,O,other datasets mentioned as well on the ACL website
Transformer-XL: Attentive language models beyond a fixed-length context,2020,ACL,1294,10.18653/v1/P19-1285,https://www.scopus.com/inward/record.uri?eid=2-s2.0-85076478101&partnerID=40&md5=3c99947072a6eccb207668e153f6a44a,5,O,
BLEURT: Learning robust metrics for text generation,2020,ACL,857,10.48550/arXiv.2004.04696,https://www.scopus.com/inward/record.uri?eid=2-s2.0-85095498086&partnerID=40&md5=ba6275f63710075570b9b4120c2cc777,5,O,
Transformers: State-of-the-Art Natural Language Processing,2020,ACL,7782,,https://www.scopus.com/inward/record.uri?eid=2-s2.0-85173485086&partnerID=40&md5=25e3c4a576f5a1f1589756e1dbad3074,5,O,dupe
SimCSE: Simple Contrastive Learning of Sentence Embeddings,2021,ACL,1801,10.18653/v1/2021.emnlp-main.552,https://www.scopus.com/inward/record.uri?eid=2-s2.0-85115415995&doi=10.18653%2fv1%2f2021.emnlp-main.552&partnerID=40&md5=e0d1842eaccbb85b90556a11d4603868,5,O,
A primer in bertology: What we know about how bert works,2020,ACL,907,10.1162/tacl_a_00349,https://www.scopus.com/inward/record.uri?eid=2-s2.0-85098839172&doi=10.1162%2ftacl_a_00349&partnerID=40&md5=c14ea3cd386b168b85cd64948cf50d91,5,O,survey paper
Making pre-trained language models better few-shot learners,2021,ACL,1012,10.18653/v1/2021.acl-long.295,https://www.scopus.com/inward/record.uri?eid=2-s2.0-85118936561&doi=10.18653%2fv1%2f2021.acl-long.295&partnerID=40&md5=9b0dae7712b16f8e04303186179e8889,5,O,website mentions AG News but it is not mentioned in paper
CodeBERT: A pre-trained model for programming and natural languages,2020,ACL,1023,10.18653/v1/2020.findings-emnlp.139,https://www.scopus.com/inward/record.uri?eid=2-s2.0-85101859312&partnerID=40&md5=df6b4c952b058d00c826170b2211d33b,5,O,ManyTypes4TypeScript is mentioned on the website but not in the paper
Unsupervised cross-lingual representation learning at scale,2020,ACL,3284,10.18653/v1/2020.acl-main.747,https://www.scopus.com/inward/record.uri?eid=2-s2.0-85117951188&partnerID=40&md5=9de413c45a8bd91ff3b421c10f2ef5a9,5,O,dupe
mT5: A Massively Multilingual Pre-trained Text-to-Text Transformer,2021,ACL,1264,10.18653/v1/2021.naacl-main.41,https://www.scopus.com/inward/record.uri?eid=2-s2.0-85121486920&partnerID=40&md5=690890eb359a684d518607934c0a7da5,5,O,the paper introduces a new dataset; some other datasets are mentioned on the website but they are not mentioned in the paper
"BART: Denoising sequence-to-sequence pre-training for natural language generation, translation, and comprehension",2020,ACL,5532,,https://www.scopus.com/inward/record.uri?eid=2-s2.0-85115443344&partnerID=40&md5=68efdf1732c50aade60d049337fb10e1,5,O,dupe
Spanbert: Improving pre-training by representing and predicting spans,2020,ACL,1355,10.1162/tacl_a_00300,https://www.scopus.com/inward/record.uri?eid=2-s2.0-85098395373&doi=10.1162%2ftacl_a_00300&partnerID=40&md5=782d737b34fb716d96512b2cca66ebe0,5,O,english wikipedia unspecified
Energy and policy considerations for deep learning in NLP,2020,ACL,946,10.18653/v1/P19-1355,https://www.scopus.com/inward/record.uri?eid=2-s2.0-85084065414&partnerID=40&md5=a8ae7288855deaf4116e5d5d8afa62c2,5,O,"no datasets, but nice paper"
Dense passage retrieval for open-domain question answering,2020,ACL,1766,10.18653/v1/2020.emnlp-main.550,https://www.scopus.com/inward/record.uri?eid=2-s2.0-85118435873&partnerID=40&md5=1a9ae6b3e88200f69503eaefc94a35c1,5,O,site doesn't give all datasets (curatedTREC missing)
How can we know what language models know?,2020,ACL,957,10.1162/tacl_a_00324,https://www.scopus.com/inward/record.uri?eid=2-s2.0-85092704933&doi=10.1162%2ftacl_a_00324&partnerID=40&md5=c77882e3432f681aa6485af485840e80,5,O,
The Power of Scale for Parameter-Efficient Prompt Tuning,2021,ACL,1561,10.18653/v1/2021.emnlp-main.243,https://www.scopus.com/inward/record.uri?eid=2-s2.0-85127408137&doi=10.18653%2fv1%2f2021.emnlp-main.243&partnerID=40&md5=5c06f654738b8518fbf593a2bee73d14,5,O,
AUTOPROMPT: Eliciting knowledge from language models with automatically generated prompts,2020,ACL,859,10.18653/v1/2020.emnlp-main.346,https://www.scopus.com/inward/record.uri?eid=2-s2.0-85118427105&doi=10.18653%2fv1%2f2020.emnlp-main.346&partnerID=40&md5=c77d78c141b76911142ba9f43e72e4fb,5,O,acl abstract doesn't mention SICK or LPAQA for example
How multilingual is multilingual BERT?,2020,ACL,778,10.18653/v1/P19-1493,https://www.scopus.com/inward/record.uri?eid=2-s2.0-85084044395&partnerID=40&md5=001d3ed8588366aade8ddf366ea77521,5,O,"causally mentions ""in-house"" dataset and refuses to elaborate"
Stanza: A Python natural language processing toolkit for many human languages,2020,ACL,1060,10.18653/v1/2020.acl-demos.14,https://www.scopus.com/inward/record.uri?eid=2-s2.0-85117916430&partnerID=40&md5=9426abf4700c49ae8d3919ed2c4c9861,5,O,"Mentions ""trained on a mix of common crawl and wikipedia dumps"" bruh"
Don't stop pretraining: Adapt language models to domains and tasks,2020,ACL,1243,10.18653/v1/2020.acl-main.740,https://www.scopus.com/inward/record.uri?eid=2-s2.0-85117904928&partnerID=40&md5=ccdf06dae77af2f52f7bf674231bd18c,5,O,barely any data mentioned in ACL abstract
Multilingual denoising pre-training for neural machine translation,2020,ACL,1224,10.1162/tacl_a_00343,https://www.scopus.com/inward/record.uri?eid=2-s2.0-85101439291&doi=10.1162%2ftacl_a_00343&partnerID=40&md5=72979ecdd9f5736346fb5424ffc81bae,5,O,broken reference to WAT2019; datasets poorly referenced (sometimes no citations or wrong)
Prefix-tuning: Optimizing continuous prompts for generation,2021,ACL,1796,10.18653/v1/2021.acl-long.353,https://www.scopus.com/inward/record.uri?eid=2-s2.0-85115408628&doi=10.18653%2fv1%2f2021.acl-long.353&partnerID=40&md5=ee0d009ce06f1561e892e3f3d94d3b6b,5,O,only dart present in acl abstract
Multimodal transformer for unaligned multimodal language sequences,2020,ACL,1151,10.18653/v1/P19-1656,https://www.scopus.com/inward/record.uri?eid=2-s2.0-85084043114&partnerID=40&md5=dc06d54c22bcf47549fd8394cc653128,5,O,
What does BERT learn about the structure of language?,2020,ACL,944,10.18653/v1/P19-1356,https://www.scopus.com/inward/record.uri?eid=2-s2.0-85071158330&partnerID=40&md5=762bf499a1b474ae57ca7aa74cb1301f,5,O,datasets hard to find in the paper
Exploiting cloze questions for few shot text classification and natural language inference,2021,ACL,917,10.18653/v1/2021.eacl-main.20,https://www.scopus.com/inward/record.uri?eid=2-s2.0-85106426109&doi=10.18653%2fv1%2f2021.eacl-main.20&partnerID=40&md5=d458d4fd7d6d92e97c5dca43a4e88f1f,5,O,
ErniE: Enhanced language representation with informative entities,2020,ACL,866,10.18653/v1/P19-1139,https://www.scopus.com/inward/record.uri?eid=2-s2.0-85084078111&partnerID=40&md5=cfe166d215db5d03ec646d13bc3f4770,5,O,
LOGIC-LM: Empowering Large Language Models with Symbolic Solvers for Faithful Logical Reasoning,2023,ACL,95,10.18653/v1/2023.findings-emnlp.248,https://www.scopus.com/inward/record.uri?eid=2-s2.0-85182089744&doi=10.18653%2fv1%2f2023.findings-emnlp.248&partnerID=40&md5=7310a975b1b628cb2d0fc556fede2ba6,2,O,
Making Large Language Models Better Reasoners with Step-Aware Verifier,2023,ACL,95,10.18653/v1/2023.acl-long.291,https://www.scopus.com/inward/record.uri?eid=2-s2.0-85168638529&doi=10.18653%2fv1%2f2023.acl-long.291&partnerID=40&md5=6d9ef5dcac16d8c15ba51381b9607313,2,O,
Challenging BIG-Bench Tasks and Whether Chain-of-Thought Can Solve Them,2023,ACL,104,10.18653/v1/2023.findings-acl.824,https://www.scopus.com/inward/record.uri?eid=2-s2.0-85174873412&doi=10.18653%2fv1%2f2023.findings-acl.824&partnerID=40&md5=7c8a8bf2e6d6404893e31909466a20be,2,O,introduces hard big bench dataset
Measuring and Narrowing the Compositionality Gap in Language Models,2023,ACL,96,10.18653/v1/2023.findings-emnlp.378,https://www.scopus.com/inward/record.uri?eid=2-s2.0-85178910937&doi=10.18653%2fv1%2f2023.findings-emnlp.378&partnerID=40&md5=81766f92f03b6813893a36f31e952ec3,2,O,introduces 2 datasets
In-Context Retrieval-Augmented Language Models,2023,ACL,124,10.1162/tacl_a_00605,https://www.scopus.com/inward/record.uri?eid=2-s2.0-85178620160&doi=10.1162%2ftacl_a_00605&partnerID=40&md5=5a067251c35550cd3254965e8b2243f9,2,O,
SemEval-2023 Task 10: Explainable Detection of Online Sexism,2023,ACL,119,10.18653/v1/2023.semeval-1.305,https://www.scopus.com/inward/record.uri?eid=2-s2.0-85153846720&partnerID=40&md5=d4e3265c25edeee2aa451c733adbd38e,2,O,dataset paper
SELF-INSTRUCT: Aligning Language Models with Self-Generated Instructions,2023,ACL,392,10.18653/v1/2023.acl-long.754,https://www.scopus.com/inward/record.uri?eid=2-s2.0-85174391201&doi=10.18653%2fv1%2f2023.acl-long.754&partnerID=40&md5=5bdce0840107bc43d0c32d3bd3ba213f,2,O,
FACTSCORE: Fine-grained Atomic Evaluation of Factual Precision in Long Form Text Generation,2023,ACL,151,10.18653/v1/2023.emnlp-main.741,https://www.scopus.com/inward/record.uri?eid=2-s2.0-85175829875&doi=10.18653%2fv1%2f2023.emnlp-main.741&partnerID=40&md5=a6675057e6ac3043d200bab7da4a46ff,2,O,produces dataset
Lost in the Middle: How Language Models Use Long Contexts,2024,ACL,234,10.1162/tacl_a_00638,https://www.scopus.com/inward/record.uri?eid=2-s2.0-85190247003&doi=10.1162%2ftacl_a_00638&partnerID=40&md5=d8ad9b8e37640dbf61a8310fce09febc,2,O,data part hallucinated squad and other datasets
G-EVAL: NLG Evaluation using GPT-4 with Better Human Alignment,2023,ACL,233,10.18653/v1/2023.emnlp-main.153,https://www.scopus.com/inward/record.uri?eid=2-s2.0-85182163911&doi=10.18653%2fv1%2f2023.emnlp-main.153&partnerID=40&md5=684195f9e0b645d34da4a8c793356756,2,O,
Distilling Step-by-Step! Outperforming Larger Language Models with Less Training Data and Smaller Model Sizes,2023,ACL,100,10.18653/v1/2023.findings-acl.507,https://www.scopus.com/inward/record.uri?eid=2-s2.0-85166348113&doi=10.18653%2fv1%2f2023.findings-acl.507&partnerID=40&md5=4c3c104240285d62e2624040511fe0b8,2,O,
When Not to Trust Language Models: Investigating Effectiveness of Parametric and Non-Parametric Memories,2023,ACL,197,10.18653/v1/2023.acl-long.546,https://www.scopus.com/inward/record.uri?eid=2-s2.0-85162144651&doi=10.18653%2fv1%2f2023.acl-long.546&partnerID=40&md5=4eafcb787e79a3aa4d384d4df96c913e,2,O,
Can Large Language Models Be an Alternative to Human Evaluation?,2023,ACL,176,10.18653/v1/2023.acl-long.870,https://www.scopus.com/inward/record.uri?eid=2-s2.0-85161938952&doi=10.18653%2fv1%2f2023.acl-long.870&partnerID=40&md5=4e145b087f7d652700cf9396ffa5ca66,2,O,
Evaluating Object Hallucination in Large Vision-Language Models,2023,ACL,113,10.18653/v1/2023.emnlp-main.20,https://www.scopus.com/inward/record.uri?eid=2-s2.0-85180561517&doi=10.18653%2fv1%2f2023.emnlp-main.20&partnerID=40&md5=13a8ca68f52909c223f963a0ee37ca1d,2,O,
SELFCHECKGPT: Zero-Resource Black-Box Hallucination Detection for Generative Large Language Models,2023,ACL,109,10.18653/v1/2023.emnlp-main.557,https://www.scopus.com/inward/record.uri?eid=2-s2.0-85182840561&doi=10.18653%2fv1%2f2023.emnlp-main.557&partnerID=40&md5=ed96360a95d55bba32d6006cbc65c9fc,2,O,
HaluEval: A Large-Scale Hallucination Evaluation Benchmark for Large Language Models,2023,ACL,153,10.18653/v1/2023.emnlp-main.397,https://www.scopus.com/inward/record.uri?eid=2-s2.0-85182008455&doi=10.18653%2fv1%2f2023.emnlp-main.397&partnerID=40&md5=9bc66f632d53c3fc86f13d2f084bf1d9,2,O,introduces benchmark
Towards Reasoning in Large Language Models: A Survey,2023,ACL,142,10.18653/v1/2023.findings-acl.67,https://www.scopus.com/inward/record.uri?eid=2-s2.0-85175466652&doi=10.18653%2fv1%2f2023.findings-acl.67&partnerID=40&md5=f9400c821e30ed8420c886dc66efc4e9,2,O,survey paper
"SemEval-2023 Task 3: Detecting the Category, the Framing, and the Persuasion Techniques in Online News in a Multi-lingual Setup",2023,ACL,103,10.18653/v1/2023.semeval-1.317,https://www.scopus.com/inward/record.uri?eid=2-s2.0-85159571320&doi=10.18653%2fv1%2f2023.semeval-1.317&partnerID=40&md5=b1c3c4621223bd672f1f8678fcf42e68,2,O,produces dataset
MTEB: Massive Text Embedding Benchmark,2023,ACL,140,10.18653/v1/2023.eacl-main.148,https://www.scopus.com/inward/record.uri?eid=2-s2.0-85159854071&partnerID=40&md5=6de5e61d1f1353c3a27005733c114e0f,2,O,dataset paper
Benchmarking Large Language Models for News Summarization,2024,ACL,110,10.1162/tacl_a_00632,https://www.scopus.com/inward/record.uri?eid=2-s2.0-85184890709&doi=10.1162%2ftacl_a_00632&partnerID=40&md5=2fc6512edc0f2266a0037b03e374e98a,2,O,"introduces quality dataset, might be good reference in paper"
Plan-and-Solve Prompting: Improving Zero-Shot Chain-of-Thought Reasoning by Large Language Models,2023,ACL,102,10.18653/v1/2023.acl-long.147,https://www.scopus.com/inward/record.uri?eid=2-s2.0-85173243598&doi=10.18653%2fv1%2f2023.acl-long.147&partnerID=40&md5=37e786050a637a8aa2e3914c193c845b,2,O,
"RARR: Researching and Revising What Language Models Say, Using Language Models",2023,ACL,107,10.18653/v1/2023.acl-long.910,https://www.scopus.com/inward/record.uri?eid=2-s2.0-85170069833&doi=10.18653%2fv1%2f2023.acl-long.910&partnerID=40&md5=7cc989dc228c0e34fd3d76e52f8f2ad8,2,O,
Crosslingual Generalization through Multitask Finetuning,2023,ACL,209,10.18653/v1/2023.acl-long.891,https://www.scopus.com/inward/record.uri?eid=2-s2.0-85168635775&doi=10.18653%2fv1%2f2023.acl-long.891&partnerID=40&md5=a680a33c964ab8533b7eff735143acb6,2,ask,
Active Retrieval Augmented Generation,2023,ACL,99,10.18653/v1/2023.emnlp-main.495,https://www.scopus.com/inward/record.uri?eid=2-s2.0-85178918038&doi=10.18653%2fv1%2f2023.emnlp-main.495&partnerID=40&md5=153bf22a609b34f433ac22e3d127625e,2,O,
Revisiting Relation Extraction in the era of Large Language Models,2023,ACL,126,10.18653/v1/2023.acl-long.868,https://www.scopus.com/inward/record.uri?eid=2-s2.0-85170504580&doi=10.18653%2fv1%2f2023.acl-long.868&partnerID=40&md5=aec401773b592562f3b01a4ee82f1e13,2,O,
Large-scale video classification with convolutional neural networks,2014,CVPR,5661,10.1109/CVPR.2014.223,https://www.scopus.com/inward/record.uri?eid=2-s2.0-84911364368&doi=10.1109%2fCVPR.2014.223&partnerID=40&md5=de0b8f8f998e8cfbbce6aa723949900c,15,O,
Non-local Neural Networks,2018,CVPR,9659,10.1109/CVPR.2018.00813,https://www.scopus.com/inward/record.uri?eid=2-s2.0-85056889287&doi=10.1109%2fCVPR.2018.00813&partnerID=40&md5=26ff08be328c3c2b550ec16e9b59aac4,15,O,
High-Resolution Image Synthesis with Latent Diffusion Models,2022,CVPR,7632,10.1109/CVPR52688.2022.01042,https://www.scopus.com/inward/record.uri?eid=2-s2.0-85141805750&doi=10.1109%2fCVPR52688.2022.01042&partnerID=40&md5=2cfbd3a2a240af2814ec05457cad7f74,15,O,
Momentum Contrast for Unsupervised Visual Representation Learning,2020,CVPR,9623,10.1109/CVPR42600.2020.00975,https://www.scopus.com/inward/record.uri?eid=2-s2.0-85090406562&doi=10.1109%2fCVPR42600.2020.00975&partnerID=40&md5=687194fb1255dceb324940cecde0b966,15,O,
Accurate image super-resolution using very deep convolutional networks,2016,CVPR,6707,10.1109/CVPR.2016.182,https://www.scopus.com/inward/record.uri?eid=2-s2.0-84986325587&doi=10.1109%2fCVPR.2016.182&partnerID=40&md5=e7c5348f2bef87e68f54e84289c63668,15,O,
"You only look once: Unified, real-time object detection",2016,CVPR,38749,10.1109/CVPR.2016.91,https://www.scopus.com/inward/record.uri?eid=2-s2.0-84986308404&doi=10.1109%2fCVPR.2016.91&partnerID=40&md5=79a23b9cc271b6f314eea447fb88cc7d,15,O,
Real-Time Single Image and Video Super-Resolution Using an Efficient Sub-Pixel Convolutional Neural Network,2016,CVPR,6115,10.1109/CVPR.2016.207,https://www.scopus.com/inward/record.uri?eid=2-s2.0-84986308391&doi=10.1109%2fCVPR.2016.207&partnerID=40&md5=c41fd8c76a4283cbbcf0772bde042478,15,ask,
Path Aggregation Network for Instance Segmentation,2018,CVPR,7389,10.1109/CVPR.2018.00913,https://www.scopus.com/inward/record.uri?eid=2-s2.0-85060854014&doi=10.1109%2fCVPR.2018.00913&partnerID=40&md5=8bebe448e32dbca01ffb1e68fb623e32,15,O,
Squeeze-and-Excitation Networks,2018,CVPR,26785,10.1109/CVPR.2018.00745,https://www.scopus.com/inward/record.uri?eid=2-s2.0-85062854803&doi=10.1109%2fCVPR.2018.00745&partnerID=40&md5=d30a04bef67fa0bca5df7b67ac486651,15,O,
Deep residual learning for image recognition,2016,CVPR,178632,10.1109/CVPR.2016.90,https://www.scopus.com/inward/record.uri?eid=2-s2.0-84986274465&doi=10.1109%2fCVPR.2016.90&partnerID=40&md5=f67e8d2a623bac88aad535d2c0a6d374,15,O,
The Unreasonable Effectiveness of Deep Features as a Perceptual Metric,2018,CVPR,8710,10.1109/CVPR.2018.00068,https://www.scopus.com/inward/record.uri?eid=2-s2.0-85061738954&doi=10.1109%2fCVPR.2018.00068&partnerID=40&md5=a4dba81ea970c4ea324bf9953dad1c9d,15,O,
Learning Deep Features for Discriminative Localization,2016,CVPR,8736,10.1109/CVPR.2016.319,https://www.scopus.com/inward/record.uri?eid=2-s2.0-84986247435&doi=10.1109%2fCVPR.2016.319&partnerID=40&md5=51430442a923a0fbfbd21e8f10ea26cf,15,O,
Going deeper with convolutions,2015,CVPR,40152,10.1109/CVPR.2015.7298594,https://www.scopus.com/inward/record.uri?eid=2-s2.0-84937522268&doi=10.1109%2fCVPR.2015.7298594&partnerID=40&md5=83d91869727c2a88b974716fe0bd5dd2,15,O,
ECA-Net: Efficient channel attention for deep convolutional neural networks,2020,CVPR,5703,10.1109/CVPR42600.2020.01155,https://www.scopus.com/inward/record.uri?eid=2-s2.0-85093682215&doi=10.1109%2fCVPR42600.2020.01155&partnerID=40&md5=08119a71f5e442294dcb67460c15ffa6,15,O,
Fully convolutional networks for semantic segmentation,2015,CVPR,25035,10.1109/CVPR.2015.7298965,https://www.scopus.com/inward/record.uri?eid=2-s2.0-84959205572&doi=10.1109%2fCVPR.2015.7298965&partnerID=40&md5=2c171b6055fca5fbb1871fa72ee0ee41,15,O,
A style-based generator architecture for generative adversarial networks,2019,CVPR,7066,10.1109/CVPR.2019.00453,https://www.scopus.com/inward/record.uri?eid=2-s2.0-85078812810&doi=10.1109%2fCVPR.2019.00453&partnerID=40&md5=9aeb049d5da74f7a52f7d29ac38e27dd,15,O,
Rethinking the Inception Architecture for Computer Vision,2016,CVPR,24488,10.1109/CVPR.2016.308,https://www.scopus.com/inward/record.uri?eid=2-s2.0-84986296808&doi=10.1109%2fCVPR.2016.308&partnerID=40&md5=23092f59fe7e8f10ba173cf9a38e5b4a,15,O,
The Cityscapes Dataset for Semantic Urban Scene Understanding,2016,CVPR,9950,10.1109/CVPR.2016.350,https://www.scopus.com/inward/record.uri?eid=2-s2.0-84986255616&doi=10.1109%2fCVPR.2016.350&partnerID=40&md5=6ec9a19d48d688150fdcf59a5d921759,15,O,
Are we ready for autonomous driving? the KITTI vision benchmark suite,2012,CVPR,11838,10.1109/CVPR.2012.6248074,https://www.scopus.com/inward/record.uri?eid=2-s2.0-84866704163&doi=10.1109%2fCVPR.2012.6248074&partnerID=40&md5=d499b3af36177d4d28d45a8f55e49db0,15,O,
Cascade R-CNN: Delving into High Quality Object Detection,2018,CVPR,5558,10.1109/CVPR.2018.00644,https://www.scopus.com/inward/record.uri?eid=2-s2.0-85062157410&doi=10.1109%2fCVPR.2018.00644&partnerID=40&md5=38c6f9e4a122847842dda66d2cd4475f,15,O,
FaceNet: A unified embedding for face recognition and clustering,2015,CVPR,11725,10.1109/CVPR.2015.7298682,https://www.scopus.com/inward/record.uri?eid=2-s2.0-84946751287&doi=10.1109%2fCVPR.2015.7298682&partnerID=40&md5=d6d18cd7099b09c0164a520b370d72f9,15,O,
Rich feature hierarchies for accurate object detection and semantic segmentation,2014,CVPR,26779,10.1109/CVPR.2014.81,https://www.scopus.com/inward/record.uri?eid=2-s2.0-84911400494&doi=10.1109%2fCVPR.2014.81&partnerID=40&md5=91442ce64988c082a419975369a2a615,15,O,
EfficientDet: Scalable and efficient object detection,2020,CVPR,5952,10.1109/CVPR42600.2020.01079,https://www.scopus.com/inward/record.uri?eid=2-s2.0-85089524360&doi=10.1109%2fCVPR42600.2020.01079&partnerID=40&md5=5893f6c30ef6be5600d6a0cbc134b0f0,15,O,
ShuffleNet: An Extremely Efficient Convolutional Neural Network for Mobile Devices,2018,CVPR,6926,10.1109/CVPR.2018.00716,https://www.scopus.com/inward/record.uri?eid=2-s2.0-85061081999&doi=10.1109%2fCVPR.2018.00716&partnerID=40&md5=096951a1771d3da9f3d1266e78d70357,15,O,
MobileNetV2: Inverted Residuals and Linear Bottlenecks,2018,CVPR,19775,10.1109/CVPR.2018.00474,https://www.scopus.com/inward/record.uri?eid=2-s2.0-85062799511&doi=10.1109%2fCVPR.2018.00474&partnerID=40&md5=7890f994b7350f6991f23a601e585bfd,15,O,
Taming transformers for high-resolution image synthesis,2021,CVPR,1566,10.1109/CVPR46437.2021.01268,https://www.scopus.com/inward/record.uri?eid=2-s2.0-85123172760&doi=10.1109%2fCVPR46437.2021.01268&partnerID=40&md5=c656d44c3466c004e72c10045cb92448,5,O,
High-Resolution Image Synthesis with Latent Diffusion Models,2022,CVPR,7632,10.1109/CVPR52688.2022.01042,https://www.scopus.com/inward/record.uri?eid=2-s2.0-85141805750&doi=10.1109%2fCVPR52688.2022.01042&partnerID=40&md5=2cfbd3a2a240af2814ec05457cad7f74,5,X,duplicate
Momentum Contrast for Unsupervised Visual Representation Learning,2020,CVPR,9623,10.1109/CVPR42600.2020.00975,https://www.scopus.com/inward/record.uri?eid=2-s2.0-85090406562&doi=10.1109%2fCVPR42600.2020.00975&partnerID=40&md5=687194fb1255dceb324940cecde0b966,5,X,duplicate
Exploring simple Siamese representation learning,2021,CVPR,2816,10.1109/CVPR46437.2021.01549,https://www.scopus.com/inward/record.uri?eid=2-s2.0-85123214300&doi=10.1109%2fCVPR46437.2021.01549&partnerID=40&md5=e03d2ed9ccaf76346fcdb666a3acc518,5,O,
A ConvNet for the 2020s,2022,CVPR,4415,10.1109/CVPR52688.2022.01167,https://www.scopus.com/inward/record.uri?eid=2-s2.0-85139770152&doi=10.1109%2fCVPR52688.2022.01167&partnerID=40&md5=a2090fb0cb26df883e5eb40df67b3602,5,O,
Coordinate attention for efficient mobile network design,2021,CVPR,4225,10.1109/CVPR46437.2021.01350,https://www.scopus.com/inward/record.uri?eid=2-s2.0-85123214392&doi=10.1109%2fCVPR46437.2021.01350&partnerID=40&md5=46d78b010b86767c5474e5ee158d706f,5,O,
PV-RCNN: Point-voxel feature set abstraction for 3D object detection,2020,CVPR,1666,10.1109/CVPR42600.2020.01054,https://www.scopus.com/inward/record.uri?eid=2-s2.0-85093968224&doi=10.1109%2fCVPR42600.2020.01054&partnerID=40&md5=8bea8a63918af9bfcd8c893f71b4a243,5,O,
SuperGlue: Learning Feature Matching with Graph Neural Networks,2020,CVPR,1887,10.1109/CVPR42600.2020.00499,https://www.scopus.com/inward/record.uri?eid=2-s2.0-85089135983&doi=10.1109%2fCVPR42600.2020.00499&partnerID=40&md5=1e593715e4cb52c50a049d377969df69,5,O,
Zero-reference deep curve estimation for low-light image enhancement,2020,CVPR,1630,10.1109/CVPR42600.2020.00185,https://www.scopus.com/inward/record.uri?eid=2-s2.0-85085600049&doi=10.1109%2fCVPR42600.2020.00185&partnerID=40&md5=d6f2ab3de496c70e77407f24998215f7,5,O,some of the datasets are combined and only part of the images are selected based on specific criteria; and some of the data it's noted that it's not availble within the dataset
YOLOv7: Trainable Bag-of-Freebies Sets New State-of-the-Art for Real-Time Object Detectors,2023,CVPR,5297,10.1109/CVPR52729.2023.00721,https://www.scopus.com/inward/record.uri?eid=2-s2.0-85217762816&doi=10.1109%2fCVPR52729.2023.00721&partnerID=40&md5=f3e6f3c66331e738dd5ceb31a8f7a945,5,O,
Masked Autoencoders Are Scalable Vision Learners,2022,CVPR,4505,10.1109/CVPR52688.2022.01553,https://www.scopus.com/inward/record.uri?eid=2-s2.0-85141808135&doi=10.1109%2fCVPR52688.2022.01553&partnerID=40&md5=40300a4a9298ae29c0731f040e9f53de,5,O,
Analyzing and improving the image quality of stylegan,2020,CVPR,4218,10.1109/CVPR42600.2020.00813,https://www.scopus.com/inward/record.uri?eid=2-s2.0-85088146586&doi=10.1109%2fCVPR42600.2020.00813&partnerID=40&md5=3afd62f885aa09a4f04f2dd18329efc6,5,O,
Scalability in perception for autonomous driving: Waymo open dataset,2020,CVPR,2058,10.1109/CVPR42600.2020.00252,https://www.scopus.com/inward/record.uri?eid=2-s2.0-85091768210&doi=10.1109%2fCVPR42600.2020.00252&partnerID=40&md5=0c55582163645cbbe9e4f9cf665314af,5,O,
ECA-Net: Efficient channel attention for deep convolutional neural networks,2020,CVPR,5703,10.1109/CVPR42600.2020.01155,https://www.scopus.com/inward/record.uri?eid=2-s2.0-85093682215&doi=10.1109%2fCVPR42600.2020.01155&partnerID=40&md5=08119a71f5e442294dcb67460c15ffa6,5,X,duplicate
Self-training with noisy student improves imagenet classification,2020,CVPR,1694,10.1109/CVPR42600.2020.01070,https://www.scopus.com/inward/record.uri?eid=2-s2.0-85094403078&doi=10.1109%2fCVPR42600.2020.01070&partnerID=40&md5=ac997557f93f28f47a34c93a0abf641e,5,O,
Restormer: Efficient Transformer for High-Resolution Image Restoration,2022,CVPR,1931,10.1109/CVPR52688.2022.00564,https://www.scopus.com/inward/record.uri?eid=2-s2.0-85137771434&doi=10.1109%2fCVPR52688.2022.00564&partnerID=40&md5=47efb85e7c5415de0fc58160891e7bde,5,O,
GhostNet: More features from cheap operations,2020,CVPR,3420,10.1109/CVPR42600.2020.00165,https://www.scopus.com/inward/record.uri?eid=2-s2.0-85094682196&doi=10.1109%2fCVPR42600.2020.00165&partnerID=40&md5=a9341a3286d92c1153d596b5427395ce,5,O,
Bridging the gap between anchor-based and anchor-free detection via adaptive training sample selection,2020,CVPR,1651,10.1109/CVPR42600.2020.00978,https://www.scopus.com/inward/record.uri?eid=2-s2.0-85092050621&doi=10.1109%2fCVPR42600.2020.00978&partnerID=40&md5=62f3d183bedd151f353f6a093c80444a,5,O,
Randaugment: Practical automated data augmentation with a reduced search space,2020,CVPR,1983,10.1109/CVPRW50498.2020.00359,https://www.scopus.com/inward/record.uri?eid=2-s2.0-85090150748&doi=10.1109%2fCVPRW50498.2020.00359&partnerID=40&md5=e7c52a6cf358a86fd678daa03659e14a,5,O,
EfficientDet: Scalable and efficient object detection,2020,CVPR,5952,10.1109/CVPR42600.2020.01079,https://www.scopus.com/inward/record.uri?eid=2-s2.0-85089524360&doi=10.1109%2fCVPR42600.2020.01079&partnerID=40&md5=5893f6c30ef6be5600d6a0cbc134b0f0,5,X,duplicate
CSPNet: A new backbone that can enhance learning capability of CNN,2020,CVPR,3147,10.1109/CVPRW50498.2020.00203,https://www.scopus.com/inward/record.uri?eid=2-s2.0-85088918996&doi=10.1109%2fCVPRW50498.2020.00203&partnerID=40&md5=0790bb848676b52e5ca85e35ce66d7c0,5,O,
RepVgg: Making VGG-style ConvNets Great Again,2021,CVPR,1754,10.1109/CVPR46437.2021.01352,https://www.scopus.com/inward/record.uri?eid=2-s2.0-85123059324&doi=10.1109%2fCVPR46437.2021.01352&partnerID=40&md5=ae108ca42f7bf50cb383efa7a2896863,5,O,
Rethinking Semantic Segmentation from a Sequence-to-Sequence Perspective with Transformers,2021,CVPR,2657,10.1109/CVPR46437.2021.00681,https://www.scopus.com/inward/record.uri?eid=2-s2.0-85117131558&doi=10.1109%2fCVPR46437.2021.00681&partnerID=40&md5=1947fbba0474bf42f62fcdee9ba3e57d,5,O,
BDD100K: A Diverse Driving Dataset for Heterogeneous Multitask Learning,2020,CVPR,1604,10.1109/CVPR42600.2020.00271,https://www.scopus.com/inward/record.uri?eid=2-s2.0-85086234850&doi=10.1109%2fCVPR42600.2020.00271&partnerID=40&md5=440eb86d27d7e0e692aa1472609b1188,5,O,
Nuscenes: A multimodal dataset for autonomous driving,2020,CVPR,3672,10.1109/CVPR42600.2020.01164,https://www.scopus.com/inward/record.uri?eid=2-s2.0-85094018162&doi=10.1109%2fCVPR42600.2020.01164&partnerID=40&md5=01500e1b6d92065a4bfb7a79143ae954,5,O,
InternImage: Exploring Large-Scale Vision Foundation Models with Deformable Convolutions,2023,CVPR,513,10.1109/CVPR52729.2023.01385,https://www.scopus.com/inward/record.uri?eid=2-s2.0-85173871300&doi=10.1109%2fCVPR52729.2023.01385&partnerID=40&md5=3b010f47976e952785b4f4d68d4ed3b9,2,O,
Planning-oriented Autonomous Driving,2023,CVPR,341,10.1109/CVPR52729.2023.01712,https://www.scopus.com/inward/record.uri?eid=2-s2.0-85217079636&doi=10.1109%2fCVPR52729.2023.01712&partnerID=40&md5=d0c17fbc43a0076d295e6aeab6a64a60,2,O,
Imagic: Text-Based Real Image Editing with Diffusion Models,2023,CVPR,441,10.1109/CVPR52729.2023.00582,https://www.scopus.com/inward/record.uri?eid=2-s2.0-85173933453&doi=10.1109%2fCVPR52729.2023.00582&partnerID=40&md5=ffda61379360604f1bc3d2f0ad960392,2,O,
Multi-Concept Customization of Text-to-Image Diffusion,2023,CVPR,341,10.1109/CVPR52729.2023.00192,https://www.scopus.com/inward/record.uri?eid=2-s2.0-85150689324&doi=10.1109%2fCVPR52729.2023.00192&partnerID=40&md5=5999ad45d051baba1a175626fffc4530,2,O,"they gather their images from multiple places: UnSplash, personal photos, wikipedia,  and used Chat to generate captures"
SCConv: Spatial and Channel Reconstruction Convolution for Feature Redundancy,2023,CVPR,379,10.1109/CVPR52729.2023.00596,https://www.scopus.com/inward/record.uri?eid=2-s2.0-85211443085&doi=10.1109%2fCVPR52729.2023.00596&partnerID=40&md5=b085ff9c0f464579374f0baecdfdecd9,2,O,"this paper uses another reference for Imagenet 1k, the paper seems to introduce a subsed of Imagnet of 1000 categories"
ConvNeXt V2: Co-designing and Scaling ConvNets with Masked Autoencoders,2023,CVPR,615,10.1109/CVPR52729.2023.01548,https://www.scopus.com/inward/record.uri?eid=2-s2.0-85217088158&doi=10.1109%2fCVPR52729.2023.01548&partnerID=40&md5=d6517903894cfd56da187e0c53ea68bb,2,O,
DETRs Beat YOLOs on Real-time Object Detection,2024,CVPR,588,10.1109/CVPR52733.2024.01605,https://www.scopus.com/inward/record.uri?eid=2-s2.0-85216283501&doi=10.1109%2fCVPR52733.2024.01605&partnerID=40&md5=a8a554beb4d310aecbef9f5866840942,2,O,
Reproducible scaling laws for contrastive language-image learning,2023,CVPR,299,10.1109/CVPR52729.2023.00276,https://www.scopus.com/inward/record.uri?eid=2-s2.0-85211059970&doi=10.1109%2fCVPR52729.2023.00276&partnerID=40&md5=b15d005e4cdc1165fd416dddb6ce8887,2,O,its limitation is based on one dataset of a related work being private
DreamBooth: Fine Tuning Text-to-Image Diffusion Models for Subject-Driven Generation,2023,CVPR,1071,10.1109/CVPR52729.2023.02155,https://www.scopus.com/inward/record.uri?eid=2-s2.0-85217908164&doi=10.1109%2fCVPR52729.2023.02155&partnerID=40&md5=683542360fcb76a9cdebc446f694eb5a,2,O,
BiFormer: Vision Transformer with Bi-Level Routing Attention,2023,CVPR,656,10.1109/CVPR52729.2023.00995,https://www.scopus.com/inward/record.uri?eid=2-s2.0-85173966425&doi=10.1109%2fCVPR52729.2023.00995&partnerID=40&md5=2b8bccd08fbb335a79502f98a0094e75,2,O,
ImageBind One Embedding Space to Bind Them All,2023,CVPR,398,10.1109/CVPR52729.2023.01457,https://www.scopus.com/inward/record.uri?eid=2-s2.0-85173939988&doi=10.1109%2fCVPR52729.2023.01457&partnerID=40&md5=81f258027ec9f468c7fbded4c8d7f514,2,O,
Null-text Inversion for Editing Real Images using Guided Diffusion Models,2023,CVPR,328,10.1109/CVPR52729.2023.00585,https://www.scopus.com/inward/record.uri?eid=2-s2.0-85214586301&doi=10.1109%2fCVPR52729.2023.00585&partnerID=40&md5=691a92d742ce761da48b7feb2aade628,2,O,
YOLOv7: Trainable Bag-of-Freebies Sets New State-of-the-Art for Real-Time Object Detectors,2023,CVPR,5297,10.1109/CVPR52729.2023.00721,https://www.scopus.com/inward/record.uri?eid=2-s2.0-85217762816&doi=10.1109%2fCVPR52729.2023.00721&partnerID=40&md5=f3e6f3c66331e738dd5ceb31a8f7a945,2,X,duplicate
PIDNet: A Real-time Semantic Segmentation Network Inspired by PID Controllers,2023,CVPR,339,10.1109/CVPR52729.2023.01871,https://www.scopus.com/inward/record.uri?eid=2-s2.0-85164785523&doi=10.1109%2fCVPR52729.2023.01871&partnerID=40&md5=7d64a74236783514bceb2d2f0d426f0d,2,O,
EVA: Exploring the Limits of Masked Visual Representation Learning at Scale,2023,CVPR,321,10.1109/CVPR52729.2023.01855,https://www.scopus.com/inward/record.uri?eid=2-s2.0-85163785173&doi=10.1109%2fCVPR52729.2023.01855&partnerID=40&md5=4e678f6d3a69dc6bc6b7de3ee451c9a4,2,O,
Align Your Latents: High-Resolution Video Synthesis with Latent Diffusion Models,2023,CVPR,381,10.1109/CVPR52729.2023.02161,https://www.scopus.com/inward/record.uri?eid=2-s2.0-85161724559&doi=10.1109%2fCVPR52729.2023.02161&partnerID=40&md5=d8045699463453c7bb09047bd67a9745,2,O,
"Run, Don't Walk: Chasing Higher FLOPS for Faster Neural Networks",2023,CVPR,1156,10.1109/CVPR52729.2023.01157,https://www.scopus.com/inward/record.uri?eid=2-s2.0-85173462633&doi=10.1109%2fCVPR52729.2023.01157&partnerID=40&md5=e4e0a179ceedea944b60d95b8f2372b6,2,O,
Activating More Pixels in Image Super-Resolution Transformer,2023,CVPR,520,10.1109/CVPR52729.2023.02142,https://www.scopus.com/inward/record.uri?eid=2-s2.0-85173958167&doi=10.1109%2fCVPR52729.2023.02142&partnerID=40&md5=a89d7bbb2d6acc3f507a0b593273de63,2,O,
Magic3D: High-Resolution Text-to-3D Content Creation,2023,CVPR,494,10.1109/CVPR52729.2023.00037,https://www.scopus.com/inward/record.uri?eid=2-s2.0-85168558873&doi=10.1109%2fCVPR52729.2023.00037&partnerID=40&md5=6514b02392ecc4ddcd66aeb9e9919ab9,2,O,
Plug-and-Play Diffusion Features for Text-Driven Image-to-Image Translation,2023,CVPR,305,10.1109/CVPR52729.2023.00191,https://www.scopus.com/inward/record.uri?eid=2-s2.0-85162090086&doi=10.1109%2fCVPR52729.2023.00191&partnerID=40&md5=9cfadf2b8a2e26e0a334fe84695c3dc8,2,O,
MaPLe: Multi-modal Prompt Learning,2023,CVPR,396,10.1109/CVPR52729.2023.01832,https://www.scopus.com/inward/record.uri?eid=2-s2.0-85152130883&doi=10.1109%2fCVPR52729.2023.01832&partnerID=40&md5=e0071dba65c263ca06eee85229cadfb5,2,O,
Observation-Centric SORT: Rethinking SORT for Robust Multi-Object Tracking,2023,CVPR,354,10.1109/CVPR52729.2023.00934,https://www.scopus.com/inward/record.uri?eid=2-s2.0-85199960057&doi=10.1109%2fCVPR52729.2023.00934&partnerID=40&md5=857a3c7ecc10c98c778e8b576e936850,2,O,
InstructPix2Pix: Learning to Follow Image Editing Instructions,2023,CVPR,704,10.1109/CVPR52729.2023.01764,https://www.scopus.com/inward/record.uri?eid=2-s2.0-85168835518&doi=10.1109%2fCVPR52729.2023.01764&partnerID=40&md5=c0aeb3ac8201582e945ba364f3e3ccfe,2,O,
EfficientViT: Memory Efficient Vision Transformer with Cascaded Group Attention,2023,CVPR,301,10.1109/CVPR52729.2023.01386,https://www.scopus.com/inward/record.uri?eid=2-s2.0-85217886696&doi=10.1109%2fCVPR52729.2023.01386&partnerID=40&md5=36b66b02726c0a1ed9a7af797986fc90,2,O,
CDDFuse: Correlation-Driven Dual-Branch Feature Decomposition for Multi-Modality Image Fusion,2023,CVPR,383,10.1109/CVPR52729.2023.00572,https://www.scopus.com/inward/record.uri?eid=2-s2.0-85173248529&doi=10.1109%2fCVPR52729.2023.00572&partnerID=40&md5=3aff775cb2d276b2ecd27de6775f85c6,2,O,
Attention based spatial-temporal graph convolutional networks for traffic flow forecasting,2019,AAAI,2246,10.1609/aaai.v33i01.3301922,https://www.scopus.com/inward/record.uri?eid=2-s2.0-85073597598&doi=10.1609%2faaai.v33i01.3301922&partnerID=40&md5=906190bbefcc8695be0c577c3625a80c,15,O,
Regularized evolution for image classifier architecture search,2019,AAAI,2043,10.1609/aaai.v33i01.33014780,https://www.scopus.com/inward/record.uri?eid=2-s2.0-85090808457&doi=10.1609%2faaai.v33i01.33014780&partnerID=40&md5=af202efeeffdcdce9b24a4c81b6c28dd,15,O,
Building end-To-end dialogue systems using generative hierarchical neural network models,2016,AAAI,1258,10.1609/aaai.v30i1.9883,https://www.scopus.com/inward/record.uri?eid=2-s2.0-84980367197&partnerID=40&md5=16aeaefae2604a8bc4be780549788328,15,O,
FFA-Net: Feature fusion attention network for single image dehazing,2020,AAAI,1272,10.1609/aaai.v34i07.6865,https://www.scopus.com/inward/record.uri?eid=2-s2.0-85106261251&partnerID=40&md5=187fbea11517eb820babce5e2f65b223,15,O,
Deep spatio-temporal residual networks for citywide crowd flows prediction,2017,AAAI,1787,10.1609/aaai.v31i1.10735,https://www.scopus.com/inward/record.uri?eid=2-s2.0-85028459149&partnerID=40&md5=c9fa5cf45fc0d00a24d87ac4364918a9,15,O,
Distance-IoU loss: Faster and better learning for bounding box regression,2020,AAAI,3534,10.1609/aaai.v34i07.6999,https://www.scopus.com/inward/record.uri?eid=2-s2.0-85106618747&partnerID=40&md5=ae0f7cf8891f5bb5b5cf24f0ce615f1e,15,O,
Convolutional 2D knowledge graph embeddings,2018,AAAI,2228,10.1609/aaai.v32i1.11573,https://www.scopus.com/inward/record.uri?eid=2-s2.0-85060490899&partnerID=40&md5=8cd9a0f3999efb9871d2248ef5fa5c07,15,O,
CheXpert: A large chest radiograph dataset with uncertainty labels and expert comparison,2019,AAAI,1651,10.1609/aaai.v33i01.3301590,https://www.scopus.com/inward/record.uri?eid=2-s2.0-85086023231&doi=10.1609%2faaai.v33i01.3301590&partnerID=40&md5=13c4a13f71ea14d3061ca87550d1e85e,15,O,
"Inception-v4, inception-ResNet and the impact of residual connections on learning",2017,AAAI,9648,10.1609/aaai.v31i1.11231,https://www.scopus.com/inward/record.uri?eid=2-s2.0-85028013193&partnerID=40&md5=46f5a89e7abca0ba1d9056f3372858ea,15,O,
Spatial temporal graph convolutional networks for skeleton-based action recognition,2018,AAAI,3458,10.1609/aaai.v32i1.12328,https://www.scopus.com/inward/record.uri?eid=2-s2.0-85056606832&partnerID=40&md5=5c32eee55a6c7e29859e7e5aeb1d8a5e,15,O,
Counterfactual multi-agent policy gradients,2018,AAAI,1428,10.1609/aaai.v32i1.11794,https://www.scopus.com/inward/record.uri?eid=2-s2.0-85057317162&partnerID=40&md5=2919e9a7667c480f44f8803ff0a58bc0,15,O,
SeqGAN: Sequence generative adversarial nets with policy gradient,2017,AAAI,1695,10.1609/aaai.v31i1.10804,https://www.scopus.com/inward/record.uri?eid=2-s2.0-85029367626&partnerID=40&md5=1594fa5b9ad29fd99195dc2b533f0306,15,O,
Session-based recommendation with graph neural networks,2019,AAAI,1487,10.1609/aaai.v33i01.3301346,https://www.scopus.com/inward/record.uri?eid=2-s2.0-85090802041&doi=10.1609%2faaai.v33i01.3301346&partnerID=40&md5=c9f5f135753bd691a1f6f0d97be4babb,15,O,
Deeper insights into graph convolutional networks for semi-supervised learning,2018,AAAI,2136,10.1609/aaai.v32i1.11604,https://www.scopus.com/inward/record.uri?eid=2-s2.0-85060485710&partnerID=40&md5=f0cb8b7917707417155c8f99b080aa05,15,O,
Anchors: High-precision model-agnostic explanations,2018,AAAI,1527,10.1609/aaai.v32i1.11491,https://www.scopus.com/inward/record.uri?eid=2-s2.0-85055776066&partnerID=40&md5=048d0c1b42d42d95c277869704fdf551,15,O,
Hypergraph neural networks,2019,AAAI,1180,10.1609/aaai.v33i01.33013558,https://www.scopus.com/inward/record.uri?eid=2-s2.0-85090805094&doi=10.1609%2faaai.v33i01.33013558&partnerID=40&md5=e9c2f3eeeeb6cf231e87b8d2167a4c42,15,O,
An end-to-end deep learning architecture for graph classification,2018,AAAI,1264,10.1609/aaai.v32i1.11782,https://www.scopus.com/inward/record.uri?eid=2-s2.0-85056036288&partnerID=40&md5=7b33cd99d00dd353a0f84fa2c1de0cb1,15,O,
Rainbow: Combining improvements in deep reinforcement learning,2018,AAAI,1298,10.1609/aaai.v32i1.11796,https://www.scopus.com/inward/record.uri?eid=2-s2.0-85057282778&partnerID=40&md5=28184ef7ef2954d7d166f351aa845999,15,O,
Graph convolutional networks for text classification,2019,AAAI,1737,10.1609/aaai.v33i01.33017370,https://www.scopus.com/inward/record.uri?eid=2-s2.0-85090807979&doi=10.48550%2farXiv.1809.05679&partnerID=40&md5=f56d83b4ca5dc2876d085978404347d3,15,O,
Return of frustratingly easy domain adaptation,2016,AAAI,1392,10.1609/aaai.v30i1.10306,https://www.scopus.com/inward/record.uri?eid=2-s2.0-84990048974&partnerID=40&md5=6b25eb8b275dddaaa265937e9b39b1ab,15,O,
GMAN: A graph multi-attention network for traffic prediction,2020,AAAI,1235,10.1609/aaai.v34i01.5477,https://www.scopus.com/inward/record.uri?eid=2-s2.0-85106015522&doi=10.1609%2faaai.v34i01.5477&partnerID=40&md5=ea07adac8ff382803d81d517c2bf7be7,15,O,
Random erasing data augmentation,2020,AAAI,2311,10.1609/aaai.v34i07.7000,https://www.scopus.com/inward/record.uri?eid=2-s2.0-85106621386&partnerID=40&md5=941bea3a8ff0da1516f43c8d3a849a91,15,O,
Deep reinforcement learning with double Q-Learning,2016,AAAI,5484,10.1609/aaai.v30i1.10295,https://www.scopus.com/inward/record.uri?eid=2-s2.0-85007210890&partnerID=40&md5=3278a533aeda2fd6bab0072555aef7cd,15,O,
Informer: Beyond Efficient Transformer for Long Sequence Time-Series Forecasting,2021,AAAI,3335,10.1609/aaai.v35i12.17325,https://www.scopus.com/inward/record.uri?eid=2-s2.0-85130054909&doi=10.1609%2faaai.v35i12.17325&partnerID=40&md5=94a182439bab1a812a95d13fb3a57abb,15,O,
FiLM: Visual reasoning with a general conditioning layer,2018,AAAI,1238,10.1609/aaai.v32i1.11671,https://www.scopus.com/inward/record.uri?eid=2-s2.0-85055416465&partnerID=40&md5=634e2b52e75d3845403d4a05271fb2e9,15,O,
SiamFC++: Towards robust and accurate visual tracking with target estimation guidelines,2020,AAAI,835,10.1609/aaai.v34i07.6944,https://www.scopus.com/inward/record.uri?eid=2-s2.0-85106683008&partnerID=40&md5=d62d66d26d391413355416d26670bf4f,5,O,
Unicoder-VL: A universal encoder for vision and language by cross-modal pre-training,2020,AAAI,587,10.1609/aaai.v34i07.6795,https://www.scopus.com/inward/record.uri?eid=2-s2.0-85106397032&partnerID=40&md5=4efe31456cae4d6d4457f76930b29e60,5,O,
FFA-Net: Feature fusion attention network for single image dehazing,2020,AAAI,1272,10.1609/aaai.v34i07.6865,https://www.scopus.com/inward/record.uri?eid=2-s2.0-85106261251&partnerID=40&md5=187fbea11517eb820babce5e2f65b223,5,X,duplicate
PIQA: Reasoning about physical commonsense in natural language,2020,AAAI,653,10.1609/aaai.v34i05.6239,https://www.scopus.com/inward/record.uri?eid=2-s2.0-85106561525&partnerID=40&md5=8dd5b0fc65bf7ec7be26d4a8ffb31215,5,O,
Graph Neural Network-Based Anomaly Detection in Multivariate Time Series,2021,AAAI,815,10.1609/aaai.v35i5.16523,https://www.scopus.com/inward/record.uri?eid=2-s2.0-85125855462&doi=10.1609%2faaai.v35i5.16523&partnerID=40&md5=c8dd679396e60fac5861f650a8af7bbf,5,O,
R3Det: Refined Single-Stage Detector with Feature Refinement for Rotating Object,2021,AAAI,723,10.1609/aaai.v35i4.16426,https://www.scopus.com/inward/record.uri?eid=2-s2.0-85130065665&doi=10.1609%2faaai.v35i4.16426&partnerID=40&md5=46c72e58755bbdf4da6a4929c6b5ee3a,5,O,
EvolveGCN: Evolving graph convolutional networks for dynamic graphs,2020,AAAI,802,10.1609/aaai.v34i04.5984,https://www.scopus.com/inward/record.uri?eid=2-s2.0-85106588865&partnerID=40&md5=a2e34e65506d62540a9fd11166d12463,5,O,
Distance-IoU loss: Faster and better learning for bounding box regression,2020,AAAI,3534,10.1609/aaai.v34i07.6999,https://www.scopus.com/inward/record.uri?eid=2-s2.0-85106618747&partnerID=40&md5=ae0f7cf8891f5bb5b5cf24f0ce615f1e,5,X,duplicate
Are Transformers Effective for Time Series Forecasting?,2023,AAAI,1137,10.1609/aaai.v37i9.26317,https://www.scopus.com/inward/record.uri?eid=2-s2.0-85149166758&doi=10.1609%2faaai.v37i9.26317&partnerID=40&md5=3eaa66fd3fa6f43f50d7e87ce7d5e803,5,O,
Spatial-Temporal Fusion Graph Neural Networks for Traffic Flow Forecasting,2021,AAAI,656,10.1609/aaai.v35i5.16542,https://www.scopus.com/inward/record.uri?eid=2-s2.0-85124589816&doi=10.1609%2faaai.v35i5.16542&partnerID=40&md5=5b132ad0208751610a29682be931dbd0,5,O,
K-BERT: Enabling language representation with knowledge graph,2020,AAAI,614,10.1609/aaai.v34i03.5681,https://www.scopus.com/inward/record.uri?eid=2-s2.0-85106402604&partnerID=40&md5=f871a87e7bb104c4921c1497e39c8366,5,O,
Voxel R-CNN: Towards High Performance Voxel-based 3D Object Detection,2021,AAAI,651,10.1609/aaai.v35i2.16207,https://www.scopus.com/inward/record.uri?eid=2-s2.0-85119346996&doi=10.1609%2faaai.v35i2.16207&partnerID=40&md5=7a65971afd9b0806e4a76b8662a51251,5,O,
Is BERT really robust? A strong baseline for natural language attack on text classification and entailment,2020,AAAI,746,10.1609/aaai.v34i05.6311,https://www.scopus.com/inward/record.uri?eid=2-s2.0-85106432832&partnerID=40&md5=14d9393b59f557e8402b59d9d94dad38,5,O,
Real-time scene text detection with differentiable binarization,2020,AAAI,659,10.1609/aaai.v34i07.6812,https://www.scopus.com/inward/record.uri?eid=2-s2.0-85106560603&partnerID=40&md5=a713e6bbca4552df77d2d262a7b72d81,5,O,
Rumor detection on social media with bi-directional graph convolutional networks,2020,AAAI,579,10.1609/aaai.v34i01.5393,https://www.scopus.com/inward/record.uri?eid=2-s2.0-85092760383&partnerID=40&md5=bedddf11c8152fa0b79272f378e778eb,5,O,
Spatial-temporal synchronous graph convolutional networks: A new framework for spatial-temporal network data forecasting,2020,AAAI,1130,10.1609/aaai.v34i01.5438,https://www.scopus.com/inward/record.uri?eid=2-s2.0-85095292199&partnerID=40&md5=834c9b0bdd25916c66472cdc2be1a631,5,O,
Unified vision-language pre-training for image captioning and VQA,2020,AAAI,661,10.1609/aaai.v34i07.7005,https://www.scopus.com/inward/record.uri?eid=2-s2.0-85106600605&partnerID=40&md5=c5f362b48d31d187c9f748f2eaf89409,5,O,
"F3Net: Fusion, feedback and focus for salient object detection",2020,AAAI,899,10.1609/aaai.v34i07.6916,https://www.scopus.com/inward/record.uri?eid=2-s2.0-85106579465&partnerID=40&md5=804bf816ac72cd3cd60dd79d4d10f86e,5,O,
UCTransNet: Rethinking the Skip Connections in U-Net from a Channel-Wise Perspective with Transformer,2022,AAAI,578,10.1609/aaai.v36i3.20144,https://www.scopus.com/inward/record.uri?eid=2-s2.0-85147193603&doi=10.1609%2faaai.v36i3.20144&partnerID=40&md5=1c9009b3a43abdbb19ef3170b46f6d27,5,O,
Measuring and relieving the over-smoothing problem for graph neural networks from the topological view,2020,AAAI,820,10.1609/aaai.v34i04.5747,https://www.scopus.com/inward/record.uri?eid=2-s2.0-85103108574&partnerID=40&md5=801f44c990eb567d3fd8fdf66b63b345,5,O,
Improved knowledge distillation via teacher assistant,2020,AAAI,815,10.1609/aaai.v34i04.5963,https://www.scopus.com/inward/record.uri?eid=2-s2.0-85106586399&partnerID=40&md5=dc8a69babb7bf34b3e57b7dca589517d,5,O,
GMAN: A graph multi-attention network for traffic prediction,2020,AAAI,1235,10.1609/aaai.v34i01.5477,https://www.scopus.com/inward/record.uri?eid=2-s2.0-85106015522&doi=10.1609%2faaai.v34i01.5477&partnerID=40&md5=ea07adac8ff382803d81d517c2bf7be7,5,X,duplicate
Random erasing data augmentation,2020,AAAI,2311,10.1609/aaai.v34i07.7000,https://www.scopus.com/inward/record.uri?eid=2-s2.0-85106621386&partnerID=40&md5=941bea3a8ff0da1516f43c8d3a849a91,5,X,duplicate
TabNet: Attentive Interpretable Tabular Learning,2021,AAAI,812,10.1609/aaai.v35i8.16826,https://www.scopus.com/inward/record.uri?eid=2-s2.0-85122723700&doi=10.1609%2faaai.v35i8.16826&partnerID=40&md5=370633dbb92f01c249eff51aad452591,5,O,
Informer: Beyond Efficient Transformer for Long Sequence Time-Series Forecasting,2021,AAAI,3335,10.1609/aaai.v35i12.17325,https://www.scopus.com/inward/record.uri?eid=2-s2.0-85130054909&doi=10.1609%2faaai.v35i12.17325&partnerID=40&md5=94a182439bab1a812a95d13fb3a57abb,5,X,duplicate
Federated Learning on Non-IID Graphs via Structural Knowledge Sharing,2023,AAAI,92,10.1609/aaai.v37i8.26187,https://www.scopus.com/inward/record.uri?eid=2-s2.0-85143578994&doi=10.1609%2faaai.v37i8.26187&partnerID=40&md5=38c7c35981017074354ec4898af6be8a,2,O,
BEVDepth: Acquisition of Reliable Depth for Multi-View 3D Object Detection,2023,AAAI,287,10.1609/aaai.v37i2.25233,https://www.scopus.com/inward/record.uri?eid=2-s2.0-85167668105&doi=10.1609%2faaai.v37i2.25233&partnerID=40&md5=43e07a6cd4238ed3cf1a06c556d87400,2,O,
Underwater Ranker: Learn Which Is Better and How to Be Better,2023,AAAI,87,10.1609/aaai.v37i1.25147,https://www.scopus.com/inward/record.uri?eid=2-s2.0-85160332107&doi=10.1609%2faaai.v37i1.25147&partnerID=40&md5=160c50d8070b9e8a9c8673374a4cd2bd,2,O,
On the Effectiveness of Parameter-Efficient Fine-Tuning,2023,AAAI,89,10.1609/aaai.v37i11.26505,https://www.scopus.com/inward/record.uri?eid=2-s2.0-85167976248&doi=10.1609%2faaai.v37i11.26505&partnerID=40&md5=8d8301bb6e6927f73591da18650114c1,2,O,
NHITS: Neural Hierarchical Interpolation for Time Series Forecasting,2023,AAAI,212,10.1609/aaai.v37i6.25854,https://www.scopus.com/inward/record.uri?eid=2-s2.0-85162782537&doi=10.1609%2faaai.v37i6.25854&partnerID=40&md5=a75199ed836b90ea96a889671cf52cd4,2,O,
BEVStereo: Enhancing Depth Estimation in Multi-View 3D Object Detection with Temporal Stereo,2023,AAAI,96,10.1609/aaai.v37i2.25234,https://www.scopus.com/inward/record.uri?eid=2-s2.0-85150846674&doi=10.1609%2faaai.v37i2.25234&partnerID=40&md5=956ad75fb34e2536bee91e013bdfc286,2,O,
T2I-Adapter: Learning Adapters to Dig Out More Controllable Ability for Text-to-Image Diffusion Models,2024,AAAI,118,10.1609/aaai.v38i5.28226,https://www.scopus.com/inward/record.uri?eid=2-s2.0-85189556876&doi=10.1609%2faaai.v38i5.28226&partnerID=40&md5=5a4649e720d482864f28ae692534c0e3,2,O,
Are Transformers Effective for Time Series Forecasting?,2023,AAAI,1137,10.1609/aaai.v37i9.26317,https://www.scopus.com/inward/record.uri?eid=2-s2.0-85149166758&doi=10.1609%2faaai.v37i9.26317&partnerID=40&md5=3eaa66fd3fa6f43f50d7e87ce7d5e803,2,X,duplicate
CLIP-ReID: Exploiting Vision-Language Model for Image Re-identification without Concrete Text Labels,2023,AAAI,101,10.1609/aaai.v37i1.25225,https://www.scopus.com/inward/record.uri?eid=2-s2.0-85167684026&doi=10.1609%2faaai.v37i1.25225&partnerID=40&md5=eef4d2699efad80f37525300adab27ac,2,O,
PolarFormer: Multi-Camera 3D Object Detection with Polar Transformer,2023,AAAI,89,10.1609/aaai.v37i1.25185,https://www.scopus.com/inward/record.uri?eid=2-s2.0-85167685356&doi=10.1609%2faaai.v37i1.25185&partnerID=40&md5=cbc86e9282da7472feb0b7f0b8102058,2,O,
TrOCR: Transformer-Based Optical Character Recognition with Pre-trained Models,2023,AAAI,152,10.1609/aaai.v37i11.26538,https://www.scopus.com/inward/record.uri?eid=2-s2.0-85163840717&doi=10.1609%2faaai.v37i11.26538&partnerID=40&md5=2a507d6b0549be3e00bb206e40725e30,2,O,
Learning Progressive Modality-Shared Transformers for Effective Visible-Infrared Person Re-identification,2023,AAAI,105,10.1609/aaai.v37i2.25273,https://www.scopus.com/inward/record.uri?eid=2-s2.0-85167657708&doi=10.1609%2faaai.v37i2.25273&partnerID=40&md5=06750fd477e6fd93dadcb84d9483d54c,2,O,
High-Resolution Iterative Feedback Network for Camouflaged Object Detection,2023,AAAI,86,10.1609/aaai.v37i1.25167,https://www.scopus.com/inward/record.uri?eid=2-s2.0-85154054210&doi=10.1609%2faaai.v37i1.25167&partnerID=40&md5=0009b9ae48d24ab8e788970753ff4229,2,O,
Curriculum Temperature for Knowledge Distillation,2023,AAAI,103,10.1609/aaai.v37i2.25236,https://www.scopus.com/inward/record.uri?eid=2-s2.0-85161038231&doi=10.1609%2faaai.v37i2.25236&partnerID=40&md5=a0ce9fd6d47b051c7204c5006fcef056,2,O,
PDFormer: Propagation Delay-Aware Dynamic Long-Range Transformer for Traffic Flow Prediction,2023,AAAI,192,10.1609/aaai.v37i4.25556,https://www.scopus.com/inward/record.uri?eid=2-s2.0-85161536068&doi=10.1609%2faaai.v37i4.25556&partnerID=40&md5=f12257183543135267f551d4b4e4b86c,2,O,
Exploring CLIP for Assessing the Look and Feel of Images,2023,AAAI,222,10.1609/aaai.v37i2.25353,https://www.scopus.com/inward/record.uri?eid=2-s2.0-85152260089&doi=10.1609%2faaai.v37i2.25353&partnerID=40&md5=b1210b42fdaadb1ab3e486c4db140f95,2,O,
Intriguing Findings of Frequency Selection for Image Deblurring,2023,AAAI,108,10.1609/aaai.v37i2.25281,https://www.scopus.com/inward/record.uri?eid=2-s2.0-85167738828&doi=10.1609%2faaai.v37i2.25281&partnerID=40&md5=2939ee810a8cfa3e4c06c7e72c2f5da3,2,O,
Simple and Efficient Heterogeneous Graph Neural Network,2023,AAAI,117,10.1609/aaai.v37i9.26283,https://www.scopus.com/inward/record.uri?eid=2-s2.0-85148721327&doi=10.1609%2faaai.v37i9.26283&partnerID=40&md5=63aa9ae30161288f03fdecff5b1c9f12,2,O,
Ultra-High-Definition Low-Light Image Enhancement: A Benchmark and Transformer-Based Method,2023,AAAI,200,10.1609/aaai.v37i3.25364,https://www.scopus.com/inward/record.uri?eid=2-s2.0-85168011411&doi=10.1609%2faaai.v37i3.25364&partnerID=40&md5=b5263125254578586a64505b5516c718,2,O,
Benchmarking Large Language Models in Retrieval-Augmented Generation,2024,AAAI,125,10.1609/aaai.v38i16.29728,https://www.scopus.com/inward/record.uri?eid=2-s2.0-85189613527&doi=10.1609%2faaai.v38i16.29728&partnerID=40&md5=6f78ac42d80af63bf434a065136db443,2,O,
Graph of Thoughts: Solving Elaborate Problems with Large Language Models,2024,AAAI,132,10.1609/aaai.v38i16.29720,https://www.scopus.com/inward/record.uri?eid=2-s2.0-85183436462&doi=10.1609%2faaai.v38i16.29720&partnerID=40&md5=18c5946cf9a11172188905210a80e62e,2,X,No datasets used
Spatio-Temporal Meta-Graph Learning for Traffic Forecasting,2023,AAAI,134,10.1609/aaai.v37i7.25976,https://www.scopus.com/inward/record.uri?eid=2-s2.0-85149648984&doi=10.1609%2faaai.v37i7.25976&partnerID=40&md5=fa8260a96472fb1f34c148e639270c9c,2,O,
FedALA: Adaptive Local Aggregation for Personalized Federated Learning,2023,AAAI,172,10.1609/aaai.v37i9.26330,https://www.scopus.com/inward/record.uri?eid=2-s2.0-85161272135&doi=10.1609%2faaai.v37i9.26330&partnerID=40&md5=ae14122091d42ae76bfcf4fcfc57ba37,2,O,
Spatio-Temporal Self-Supervised Learning for Traffic Flow Prediction,2023,AAAI,131,10.1609/aaai.v37i4.25555,https://www.scopus.com/inward/record.uri?eid=2-s2.0-85167866251&doi=10.1609%2faaai.v37i4.25555&partnerID=40&md5=8a242eca9fa9e7645e0d9a50953570ac,2,O,
FairFed: Enabling Group Fairness in Federated Learning,2023,AAAI,86,10.1609/aaai.v37i6.25911,https://www.scopus.com/inward/record.uri?eid=2-s2.0-85159670171&doi=10.1609%2faaai.v37i6.25911&partnerID=40&md5=9054099b3a73b4bcc56373282e1693d7,2,O,
ImageNet classification with deep convolutional neural networks,2012,NeurIPS,"85,220",10.1145/3065386,https://www.scopus.com/inward/record.uri?eid=2-s2.0-84876231242&partnerID=40&md5=621b2cd1757ccc77341281f8a2f2ecaf,15,O,no DOI even on arxiv
Attention is all you need,2017,NeurIPS,"83,482",10.48550/arXiv.1706.03762,https://www.scopus.com/inward/record.uri?eid=2-s2.0-85043317328&partnerID=40&md5=3e5a5c2b862c8979ffea845bb707b3c3,15,O,
Generative adversarial nets,2014,NeurIPS,"48,297",10.48550/arXiv.1406.2661,https://www.scopus.com/inward/record.uri?eid=2-s2.0-84937849144&partnerID=40&md5=6441b2a288c5fdded2adbcc8b21e092c,15,O,has a dataset that does not exist anymore
Faster R-CNN: Towards real-time object detection with region proposal networks,2015,NeurIPS,"33,127",10.48550/arXiv.1506.01497,https://www.scopus.com/inward/record.uri?eid=2-s2.0-84960980241&partnerID=40&md5=18aaa500235b11fb99e953f8b227f46d,15,O,
"PyTorch: An imperative style, high-performance deep learning library",2019,NeurIPS,"29,810",10.48550/arXiv.1912.01703,https://www.scopus.com/inward/record.uri?eid=2-s2.0-85090176877&partnerID=40&md5=b8ecd177286b903fcb2493893027cce0,15,X,no dataset
Distributed representations of words and phrases and their compositionality,2013,NeurIPS,"25,301",10.48550/arXiv.1310.4546,https://www.scopus.com/inward/record.uri?eid=2-s2.0-84898956512&partnerID=40&md5=dfbefdd1802d61da676977c9ddce4729,15,O,
Language models are few-shot learners,2020,NeurIPS,"19,613",10.48550/arXiv.2005.14165,https://www.scopus.com/inward/record.uri?eid=2-s2.0-85107491666&partnerID=40&md5=0066bc76607662ac4ae639b93ae004f4,15,O,
A unified approach to interpreting model predictions,2017,NeurIPS,"16,200",10.48550/arXiv.1705.07874,https://www.scopus.com/inward/record.uri?eid=2-s2.0-85044542379&partnerID=40&md5=78f2bc16fd361e274004b0f78b3ef44a,15,O,
Sequence to sequence learning with neural networks,2014,NeurIPS,"15,234",10.48550/arXiv.1409.3215,https://www.scopus.com/inward/record.uri?eid=2-s2.0-84928547704&partnerID=40&md5=a48ad857cb90914792ad1b1191d7c591,15,O,
Inductive representation learning on large graphs,2017,NeurIPS,"11,673",10.48550/arXiv.1706.02216,https://www.scopus.com/inward/record.uri?eid=2-s2.0-85046897776&partnerID=40&md5=e1f06f1d0e9d9edc9db04224446fd32c,15,O,
Denoising diffusion probabilistic models,2020,NeurIPS,"9,246",10.48550/arXiv.2006.11239,https://www.scopus.com/inward/record.uri?eid=2-s2.0-85108436431&partnerID=40&md5=f27d698e7f2be28a63b0d99353d96369,15,O,
LightGBM: A highly efficient gradient boosting decision tree,2017,NeurIPS,"8,998",https://papers.nips.cc/paper_files/paper/2017/hash/6449f44a102fde848669bdd9eb6b76fa-Abstract.html,https://www.scopus.com/inward/record.uri?eid=2-s2.0-85038215940&partnerID=40&md5=e7f6611aa423276ab95bd73aa45ad93e,15,O,
GANs trained by a two time-scale update rule converge to a local Nash equilibrium,2017,NeurIPS,"8,643",10.48550/arXiv.1706.08500,https://www.scopus.com/inward/record.uri?eid=2-s2.0-85041020882&partnerID=40&md5=9727b27f3aeef4b9daa0e2ef6515a030,15,O,
PointNet++: Deep hierarchical feature learning on point sets in a metric space,2017,NeurIPS,"8,244",10.48550/arXiv.1706.02413,https://www.scopus.com/inward/record.uri?eid=2-s2.0-85042297004&partnerID=40&md5=accadf2044f1e8592099683263d18d16,15,O,
Improved training of wasserstein GANs,2017,NeurIPS,"7,291",10.48550/arXiv.1704.00028,https://www.scopus.com/inward/record.uri?eid=2-s2.0-85047004943&partnerID=40&md5=80b6e4931d69670865efaadd2095db4d,15,O,
Translating embeddings for modeling multi-relational data,2013,NeurIPS,"7,106",10.5555/2999792.2999923,https://www.scopus.com/inward/record.uri?eid=2-s2.0-84899013802&partnerID=40&md5=23c2a9e6dbb1b9be2560df5e24bfa648,15,O,
Convolutional LSTM network: A machine learning approach for precipitation nowcasting,2015,NeurIPS,"6,900",10.48550/arXiv.1506.04214,https://www.scopus.com/inward/record.uri?eid=2-s2.0-84965121965&partnerID=40&md5=3d12e08d3918acf9d3470ecd7b5b778d,15,O,
Convolutional neural networks on graphs with fast localized spectral filtering,2016,NeurIPS,"6,665",10.48550/arXiv.1606.09375,https://www.scopus.com/inward/record.uri?eid=2-s2.0-85019257780&partnerID=40&md5=59af49b6b04f26e8ca7527448f964001,15,O,
Two-stream convolutional networks for action recognition in videos,2014,NeurIPS,"6,287",10.48550/arXiv.1406.2199,https://www.scopus.com/inward/record.uri?eid=2-s2.0-84937862424&partnerID=40&md5=9cc5f3fbe00e60951cdfb4a7b8a0216c,15,O,
How transferable are features in deep neural networks?,2014,NeurIPS,"6,227",10.48550/arXiv.1411.1792,https://www.scopus.com/inward/record.uri?eid=2-s2.0-84937508363&partnerID=40&md5=d85f91c4e24b4b4d707fc4515458b207,15,O,
Prototypical networks for few-shot learning,2017,NeurIPS,"6,172",10.48550/arXiv.1703.05175,https://www.scopus.com/inward/record.uri?eid=2-s2.0-85046993347&partnerID=40&md5=42f9017293dace581e96c295e58cdc80,15,O,
Improved techniques for training GANs,2016,NeurIPS,"6,114",10.48550/arXiv.1606.03498,https://www.scopus.com/inward/record.uri?eid=2-s2.0-85018875486&partnerID=40&md5=6989dd74bac10d4414450a04e82f50ba,15,O,
Spatial transformer networks,2015,NeurIPS,"6,099",10.48550/arXiv.1506.02025,https://www.scopus.com/inward/record.uri?eid=2-s2.0-84965096967&partnerID=40&md5=3431a053b9f33931b660244c377080d7,15,O,
Matching networks for one shot learning,2016,NeurIPS,"5,721",10.48550/arXiv.1606.04080,https://www.scopus.com/inward/record.uri?eid=2-s2.0-85018863845&partnerID=40&md5=ba07465292f84368f7a0e991affdb0c9,15,O,
Practical Bayesian optimization of machine learning algorithms,2012,NeurIPS,"5,701",10.48550/arXiv.1206.2944,https://www.scopus.com/inward/record.uri?eid=2-s2.0-84869201485&partnerID=40&md5=14aa83df115308a2cf91468d634a36aa,15,O,
Language models are few-shot learners,2020,NeurIPS,"19,613",10.48550/arXiv.2005.14165,https://www.scopus.com/inward/record.uri?eid=2-s2.0-85107491666&partnerID=40&md5=0066bc76607662ac4ae639b93ae004f4,5,X,Duplicate
Denoising diffusion probabilistic models,2020,NeurIPS,"9,246",10.48550/arXiv.2006.11239,https://www.scopus.com/inward/record.uri?eid=2-s2.0-85108436431&partnerID=40&md5=f27d698e7f2be28a63b0d99353d96369,5,X,Duplicate
Training language models to follow instructions with human feedback,2022,NeurIPS,"4,795",10.48550/arXiv.2203.02155,https://www.scopus.com/inward/record.uri?eid=2-s2.0-85163147262&partnerID=40&md5=a7fd5624fe2fe87fec1552d7db47e279,5,O,
Chain-of-Thought Prompting Elicits Reasoning in Large Language Models,2022,NeurIPS,"4,314",10.48550/arXiv.2201.11903,https://www.scopus.com/inward/record.uri?eid=2-s2.0-85163157409&partnerID=40&md5=fbb697b67c926d5bf33b57d921a45bcc,5,O,
Diffusion Models Beat GANs on Image Synthesis,2021,NeurIPS,"4,045",10.48550/arXiv.2105.05233,https://www.scopus.com/inward/record.uri?eid=2-s2.0-85131898217&partnerID=40&md5=2933fddce3ea20be8ad55fe38d74ead2,5,O,
Bootstrap your own latent: a new approach to self-supervised learning,2020,NeurIPS,"3,942",10.48550/arXiv.2006.07733,https://www.scopus.com/inward/record.uri?eid=2-s2.0-85108443128&partnerID=40&md5=3b8067313a8ea7fd9451be1f67818ef3,5,O,
SegFormer: Simple and Efficient Design for Semantic Segmentation with Transformers,2021,NeurIPS,"3,896",10.48550/arXiv.2105.15203,https://www.scopus.com/inward/record.uri?eid=2-s2.0-85131795347&partnerID=40&md5=88e01d4c8350b37242d3fbaa764bf63b,5,O,
wav2vec 2.0: A framework for self-supervised learning of speech representations,2020,NeurIPS,"3,605",10.48550/arXiv.2006.11477,https://www.scopus.com/inward/record.uri?eid=2-s2.0-85099664831&partnerID=40&md5=ee4efcc4c30b06813f7219a41c5b4ab3,5,O,
Supervised contrastive learning,2020,NeurIPS,"3,228",10.48550/arXiv.2004.11362,https://www.scopus.com/inward/record.uri?eid=2-s2.0-85108420032&partnerID=40&md5=37450af962d9b733bd1e3b79f60c7de8,5,O,
Retrieval-augmented generation for knowledge-intensive NLP tasks,2020,NeurIPS,"2,587",10.48550/arXiv.2005.11401,https://www.scopus.com/inward/record.uri?eid=2-s2.0-85108449607&partnerID=40&md5=c6711ab215f5fdba9b0d4a8449d7a25a,5,O,
Unsupervised learning of visual features by contrasting cluster assignments,2020,NeurIPS,"2,314",10.48550/arXiv.2006.09882,https://www.scopus.com/inward/record.uri?eid=2-s2.0-85098170894&partnerID=40&md5=6f28715ecde90e4d0005ba5ddcbff3f1,5,O,
FixMatch: Simplifying semi-supervised learning with consistency and confidence,2020,NeurIPS,"2,275",10.48550/arXiv.2001.07685,https://www.scopus.com/inward/record.uri?eid=2-s2.0-85108450343&partnerID=40&md5=984c995c328524e0acc87abc3aad48b6,5,O,
Photorealistic Text-to-Image Diffusion Models with Deep Language Understanding,2022,NeurIPS,"2,207",10.48550/arXiv.2205.11487,https://www.scopus.com/inward/record.uri?eid=2-s2.0-85163217092&partnerID=40&md5=ea1231025b5c2f2bc5bc70830721e0a5,5,O,"this paper has an insane societal impact section, really worth a read"
MLP-Mixer: An all-MLP Architecture for Vision,2021,NeurIPS,"1,730",10.48550/arXiv.2105.01601,https://www.scopus.com/inward/record.uri?eid=2-s2.0-85131953503&partnerID=40&md5=8596b52897dd2fffe5d94f8bca6d8da6,5,O,
Graph contrastive learning with augmentations,2020,NeurIPS,"1,645",10.48550/arXiv.2010.13902,https://www.scopus.com/inward/record.uri?eid=2-s2.0-85108428369&partnerID=40&md5=42cc07a29e9f8519b9399a2d16a9fa24,5,O,
Autoformer: Decomposition Transformers with Auto-Correlation for Long-Term Series Forecasting,2021,NeurIPS,"1,629",10.48550/arXiv.2106.13008,https://www.scopus.com/inward/record.uri?eid=2-s2.0-85130481492&partnerID=40&md5=050a8ba02fb71f14125643ad4f8ed0c6,5,O,
Large Language Models are Zero-Shot Reasoners,2022,NeurIPS,"1,569",10.48550/arXiv.2205.11916,https://www.scopus.com/inward/record.uri?eid=2-s2.0-85163213345&partnerID=40&md5=f893e90e0beb7b10a6de6b8a53276dcc,5,O,
Implicit neural representations with periodic activation functions,2020,NeurIPS,"1,511",10.48550/arXiv.2006.09661,https://www.scopus.com/inward/record.uri?eid=2-s2.0-85106122060&partnerID=40&md5=76aa90f2aa4a9157dee1b543bea83213,5,O,
Flamingo: a Visual Language Model for Few-Shot Learning,2022,NeurIPS,"1,486",10.48550/arXiv.2204.14198,https://www.scopus.com/inward/record.uri?eid=2-s2.0-85163159595&partnerID=40&md5=c32010b4034591f2f6a5621eab6cdf11,5,O,
Unsupervised data augmentation for consistency training,2020,NeurIPS,"1,384",10.48550/arXiv.1904.12848,https://www.scopus.com/inward/record.uri?eid=2-s2.0-85108418260&partnerID=40&md5=716fa9f199ffdcffce25eb70d5c7e9cf,5,O,
Fourier features let networks learn high frequency functions in low dimensional domains,2020,NeurIPS,"1,338",10.48550/arXiv.2006.10739,https://www.scopus.com/inward/record.uri?eid=2-s2.0-85105013807&partnerID=40&md5=2e859a6b9935f74c289d7aa993143a37,5,O,
Align before Fuse: Vision and Language Representation Learning with Momentum Distillation,2021,NeurIPS,"1,328",10.48550/arXiv.2107.07651,https://www.scopus.com/inward/record.uri?eid=2-s2.0-85131822556&partnerID=40&md5=25317872a18be80f26eb5472dd4a42f4,5,O,
HiFi-GAN: Generative adversarial networks for efficient and high fidelity speech synthesis,2020,NeurIPS,"1,273",10.48550/arXiv.2010.05646,https://www.scopus.com/inward/record.uri?eid=2-s2.0-85102119839&partnerID=40&md5=1a28b981db2b7703d54f21eca73b9435,5,O,
Is A Picture Worth A Thousand Words? Delving Into Spatial Reasoning for Vision Language Models,2024,NeurIPS,"1,256",10.48550/arXiv.2406.14852,https://www.scopus.com/inward/record.uri?eid=2-s2.0-105000477568&partnerID=40&md5=6fa016f8fff0271cc71ee2c375a93a4e,5,O,
Open graph benchmark: Datasets for machine learning on graphs,2020,NeurIPS,"1,255",10.48550/arXiv.2005.00687,https://www.scopus.com/inward/record.uri?eid=2-s2.0-85100800941&partnerID=40&md5=68fb50764d43b80199ee8277cc751de0,5,O,benchmark paper
Is A Picture Worth A Thousand Words? Delving Into Spatial Reasoning for Vision Language Models,2024,NeurIPS,"1,256",10.48550/arXiv.2406.14852,https://www.scopus.com/inward/record.uri?eid=2-s2.0-105000477568&partnerID=40&md5=6fa016f8fff0271cc71ee2c375a93a4e,2,X,Duplicate
Visual Instruction Tuning,2023,NeurIPS,740,10.48550/arXiv.2304.08485,https://www.scopus.com/inward/record.uri?eid=2-s2.0-85191171970&partnerID=40&md5=a2439a621d36ac85e8e61ebf1b5a0e4e,2,O,
Direct Preference Optimization: Your Language Model is Secretly a Reward Model,2023,NeurIPS,531,10.48550/arXiv.2305.18290,https://www.scopus.com/inward/record.uri?eid=2-s2.0-85196903988&partnerID=40&md5=eff7697a6a2af671b1c6ed1605c5f142,2,O,
Judging LLM-as-a-Judge with MT-Bench and Chatbot Arena,2023,NeurIPS,516,10.48550/arXiv.2306.05685,https://www.scopus.com/inward/record.uri?eid=2-s2.0-85205678973&partnerID=40&md5=e4a0f4d0640363b63dc66cb7667eefc7,2,O,
QLORA: Efficient Finetuning of Quantized LLMs,2023,NeurIPS,504,10.48550/arXiv.2305.14314,https://www.scopus.com/inward/record.uri?eid=2-s2.0-85191184119&partnerID=40&md5=ebe84935b1a16d20c16b43d39a727f3f,2,O,one dataset not referenced?
Tree of Thoughts: Deliberate Problem Solving with Large Language Models,2023,NeurIPS,387,10.48550/arXiv.2305.10601,https://www.scopus.com/inward/record.uri?eid=2-s2.0-85191151564&partnerID=40&md5=9021783a885ad3941ec6b9dc6ab2006b,2,O,
Reflexion: Language Agents with Verbal Reinforcement Learning,2023,NeurIPS,288,10.48550/arXiv.2303.11366,https://www.scopus.com/inward/record.uri?eid=2-s2.0-85185875693&partnerID=40&md5=57adfcda5063d1caf3bef69f47cb9951,2,O,
SELF-REFINE: Iterative Refinement with Self-Feedback,2023,NeurIPS,214,10.48550/arXiv.2303.17651,https://www.scopus.com/inward/record.uri?eid=2-s2.0-85205690211&partnerID=40&md5=cc74153eac48bc19a87edbfe2bea9ddd,2,O,
InstructBLIP: Towards General-purpose Vision-Language Models with Instruction Tuning,2023,NeurIPS,213,10.48550/arXiv.2305.06500,https://www.scopus.com/inward/record.uri?eid=2-s2.0-85205529487&partnerID=40&md5=f53d4ee48b144f2d0a295a7d0656b929,2,O,
Toolformer: Language Models Can Teach Themselves to Use Tools,2023,NeurIPS,212,10.48550/arXiv.2302.04761,https://www.scopus.com/inward/record.uri?eid=2-s2.0-85191186310&partnerID=40&md5=db54859b241cc2126353c3e32cc2353f,2,O,
LIMA: Less Is More for Alignment,2023,NeurIPS,175,10.48550/arXiv.2305.11206,https://www.scopus.com/inward/record.uri?eid=2-s2.0-85205671435&partnerID=40&md5=511667b7776a05137859827a77dd1bb0,2,O,
Gold-YOLO: Efficient Object Detector via Gather-and-Distribute Mechanism,2023,NeurIPS,149,10.48550/arXiv.2309.11331,https://www.scopus.com/inward/record.uri?eid=2-s2.0-85199551024&partnerID=40&md5=583b065124c4df9035bc7abe83d86582,2,O,
LLaVA-Med: Training a Large Language-and-Vision Assistant for Biomedicine in One Day,2023,NeurIPS,142,10.48550/arXiv.2306.00890,https://www.scopus.com/inward/record.uri?eid=2-s2.0-85188596370&partnerID=40&md5=55bc514118e6d2ab4d73ab73e734087b,2,O,
HuggingGPT: Solving AI Tasks with ChatGPT and its Friends in Hugging Face,2023,NeurIPS,141,10.48550/arXiv.2303.17580,https://www.scopus.com/inward/record.uri?eid=2-s2.0-85189617370&partnerID=40&md5=9b2f9dc2201fabc1a7544a0c826b17ba,2,O,
ProlificDreamer: High-Fidelity and Diverse Text-to-3D Generation with Variational Score Distillation,2023,NeurIPS,136,10.48550/arXiv.2305.16213,https://www.scopus.com/inward/record.uri?eid=2-s2.0-85191156439&partnerID=40&md5=3a1aca7d7ac7c9c3ed9d4b959dfd37db,2,O,hardly mentions hat they train models on
LLM-Pruner: On the Structural Pruning of Large Language Models,2023,NeurIPS,134,10.48550/arXiv.2305.11627,https://www.scopus.com/inward/record.uri?eid=2-s2.0-85190552001&partnerID=40&md5=4121f55b6f64916201694d6d8961327a,2,O,
Segment Everything Everywhere All at Once,2023,NeurIPS,124,10.48550/arXiv.2304.06718,https://www.scopus.com/inward/record.uri?eid=2-s2.0-85191159902&partnerID=40&md5=43711d73670d0d7a58e5f02da6ddeb3e,2,O,references are iffy (they just randomly use some without referencing)
Jailbroken: How Does LLM Safety Training Fail?,2023,NeurIPS,115,10.48550/arXiv.2307.02483,https://www.scopus.com/inward/record.uri?eid=2-s2.0-85189047961&partnerID=40&md5=eb86e8c1d21af7ff88f6968122e4b3f1,2,O,
Segment Anything in High Quality,2023,NeurIPS,114,10.48550/arXiv.2306.01567,https://www.scopus.com/inward/record.uri?eid=2-s2.0-85191149171&partnerID=40&md5=c9c5272bf347780bb0b0c6567ee41f6e,2,O,
Is Your Code Generated by ChatGPT Really Correct? Rigorous Evaluation of Large Language Models for Code Generation,2023,NeurIPS,113,10.48550/arXiv.2305.01210,https://www.scopus.com/inward/record.uri?eid=2-s2.0-85191161706&partnerID=40&md5=b59121644914ae07b1b11de681dc454a,2,O,
One Fits All: Power General Time Series Analysis by Pretrained LM,2023,NeurIPS,99,10.48550/arXiv.2302.11939,https://www.scopus.com/inward/record.uri?eid=2-s2.0-85205555999&partnerID=40&md5=d0f8f6ce27aee3b5d58e3cea416a3da6,2,O,
Large Language Models Are Zero-Shot Time Series Forecasters,2023,NeurIPS,91,10.48550/arXiv.2310.07820,https://www.scopus.com/inward/record.uri?eid=2-s2.0-85187488620&partnerID=40&md5=a0e17bce0b6abfe3946eb4dae13c41c9,2,O,
Simple and Controllable Music Generation,2023,NeurIPS,88,10.48550/arXiv.2306.05284,https://www.scopus.com/inward/record.uri?eid=2-s2.0-85205723312&partnerID=40&md5=55be256016cea87c8dd786d4ec1d394f,2,O,
OpenAssistant Conversations - Democratizing Large Language Model Alignment,2023,NeurIPS,86,10.48550/arXiv.2304.07327,https://www.scopus.com/inward/record.uri?eid=2-s2.0-85198296419&partnerID=40&md5=220275660300fc856727645997636a8f,2,O,
Frequency-domain MLPs are More Effective Learners in Time Series Forecasting,2023,NeurIPS,82,10.48550/arXiv.2311.06184,https://www.scopus.com/inward/record.uri?eid=2-s2.0-85185496278&partnerID=40&md5=cfbbd3f85c7270eaefca96b485988b7e,2,O,
Transfer Learning in Deep Reinforcement Learning: A Survey,2023,TPAMI,309,10.1109/TPAMI.2023.3292075,https://www.scopus.com/inward/record.uri?eid=2-s2.0-85164429270&doi=10.1109%2fTPAMI.2023.3292075&partnerID=40&md5=99d3ecb0a92e0b6e99fe85c26785e09b,2,X,Survey paper.
UniFormer: Unifying Convolution and Self-Attention for Visual Recognition,2023,TPAMI,238,10.1109/TPAMI.2023.3282631,https://www.scopus.com/inward/record.uri?eid=2-s2.0-85161580477&doi=10.1109%2fTPAMI.2023.3282631&partnerID=40&md5=035b3d1ae3d1bcd06d22403e4a3212a0,2,O,
Towards Large-Scale Small Object Detection: Survey and Benchmarks,2023,TPAMI,293,10.1109/TPAMI.2023.3290594,https://www.scopus.com/inward/record.uri?eid=2-s2.0-85163766263&doi=10.1109%2fTPAMI.2023.3290594&partnerID=40&md5=8629804ba8256a873bf0f9f07799f64e,2,O,
KITTI-360: A Novel Dataset and Benchmarks for Urban Scene Understanding in 2D and 3D,2023,TPAMI,218,10.1109/TPAMI.2022.3179507,https://www.scopus.com/inward/record.uri?eid=2-s2.0-85131762458&doi=10.1109%2fTPAMI.2022.3179507&partnerID=40&md5=6caa8bdd424a9cfe0e6b2ab7c725972d,2,O,
"SCRDet++: Detecting Small, Cluttered and Rotated Objects via Instance-Level Feature Denoising and Rotation Loss Smoothing",2023,TPAMI,216,10.1109/TPAMI.2022.3166956,https://www.scopus.com/inward/record.uri?eid=2-s2.0-85128326790&doi=10.1109%2fTPAMI.2022.3166956&partnerID=40&md5=3db2243342f3b9fd41625e3a06b12c48,2,O,
Human Action Recognition From Various Data Modalities: A Review,2023,TPAMI,355,10.1109/TPAMI.2022.3183112,https://www.scopus.com/inward/record.uri?eid=2-s2.0-85136334360&doi=10.1109%2fTPAMI.2022.3183112&partnerID=40&md5=7e86bbc025cd55d00a01e592f0c7af1d,2,O,
A Survey on Vision Transformer,2023,TPAMI,2135,10.1109/TPAMI.2022.3152247,https://www.scopus.com/inward/record.uri?eid=2-s2.0-85125362171&doi=10.1109%2fTPAMI.2022.3152247&partnerID=40&md5=e6f58af2558fe73908eed19f4a759bff,2,O,
Image Super-Resolution via Iterative Refinement,2023,TPAMI,831,10.1109/TPAMI.2022.3204461,https://www.scopus.com/inward/record.uri?eid=2-s2.0-85139394191&doi=10.1109%2fTPAMI.2022.3204461&partnerID=40&md5=0a6c2fdbccbcff64c81c881fbc9171aa,2,O,
Learning Enriched Features for Fast Image Restoration and Enhancement,2023,TPAMI,254,10.1109/TPAMI.2022.3167175,https://www.scopus.com/inward/record.uri?eid=2-s2.0-85128308943&doi=10.1109%2fTPAMI.2022.3167175&partnerID=40&md5=315ebeff535acabaf41ecf3ff3cda7f6,2,O,
ResMLP: Feedforward Networks for Image Classification with Data-Efficient Training,2023,TPAMI,302,10.1109/TPAMI.2022.3206148,https://www.scopus.com/inward/record.uri?eid=2-s2.0-85139426381&doi=10.1109%2fTPAMI.2022.3206148&partnerID=40&md5=390425173748f3cd12ddf88f7daabf2b,2,O,
Deep Long-Tailed Learning: A Survey,2023,TPAMI,275,10.1109/TPAMI.2023.3268118,https://www.scopus.com/inward/record.uri?eid=2-s2.0-85153521994&doi=10.1109%2fTPAMI.2023.3268118&partnerID=40&md5=3e0f4a35ce31a7db82358ff70ec84b42,2,O,
"A Comprehensive Survey of Continual Learning: Theory, Method and Application",2024,TPAMI,212,10.1109/TPAMI.2024.3367329,https://www.scopus.com/inward/record.uri?eid=2-s2.0-85186989207&doi=10.1109%2fTPAMI.2024.3367329&partnerID=40&md5=101417095533833407fda36f0a827849,2,X,Survey paper.
Domain Generalization: A Survey,2023,TPAMI,480,10.1109/TPAMI.2022.3195549,https://www.scopus.com/inward/record.uri?eid=2-s2.0-85135751422&doi=10.1109%2fTPAMI.2022.3195549&partnerID=40&md5=35e0f580ba4f386b2988569b54c73ba1,2,X,Survey paper.
Real-Time Scene Text Detection with Differentiable Binarization and Adaptive Scale Fusion,2023,TPAMI,268,10.1109/TPAMI.2022.3155612,https://www.scopus.com/inward/record.uri?eid=2-s2.0-85125738742&doi=10.1109%2fTPAMI.2022.3155612&partnerID=40&md5=c8ba8038f60f38e646eaa5199046afde,2,O,
Constructing Stronger and Faster Baselines for Skeleton-Based Action Recognition,2023,TPAMI,267,10.1109/TPAMI.2022.3157033,https://www.scopus.com/inward/record.uri?eid=2-s2.0-85126305422&doi=10.1109%2fTPAMI.2022.3157033&partnerID=40&md5=1db1ac8b25ed29bd8d32148eb682c107,2,O,
Beyond Self-Attention: External Attention Using Two Linear Layers for Visual Tasks,2023,TPAMI,314,10.1109/TPAMI.2022.3211006,https://www.scopus.com/inward/record.uri?eid=2-s2.0-85139866272&doi=10.1109%2fTPAMI.2022.3211006&partnerID=40&md5=460e9a70b81f7bf2f675cff534419fa9,2,O,
SpectralGPT: Spectral Remote Sensing Foundation Model,2024,TPAMI,353,10.1109/TPAMI.2024.3362475,https://www.scopus.com/inward/record.uri?eid=2-s2.0-85184512358&doi=10.1109%2fTPAMI.2024.3362475&partnerID=40&md5=459ffcd0be03dbb0395ac5ebb93a80c1,2,O,
Explainability in Graph Neural Networks: A Taxonomic Survey,2023,TPAMI,278,10.1109/TPAMI.2022.3204236,https://www.scopus.com/inward/record.uri?eid=2-s2.0-85137893045&doi=10.1109%2fTPAMI.2022.3204236&partnerID=40&md5=40e44ff5a03550ec1b40a29b3c3a63ee,2,X,Survey paper.
Diffusion Models in Vision: A Survey,2023,TPAMI,717,10.1109/TPAMI.2023.3261988,https://www.scopus.com/inward/record.uri?eid=2-s2.0-85151522021&doi=10.1109%2fTPAMI.2023.3261988&partnerID=40&md5=f946e1cbe14369269101669311e7b3b0,2,X,Survey paper.
PredRNN: A Recurrent Neural Network for Spatiotemporal Predictive Learning,2023,TPAMI,287,10.1109/TPAMI.2022.3165153,https://www.scopus.com/inward/record.uri?eid=2-s2.0-85127734010&doi=10.1109%2fTPAMI.2022.3165153&partnerID=40&md5=fd6e043a8eee75eb2a18de1e19416f1e,2,O,
Multimodal Learning With Transformers: A Survey,2023,TPAMI,361,10.1109/TPAMI.2023.3275156,https://www.scopus.com/inward/record.uri?eid=2-s2.0-85159820542&doi=10.1109%2fTPAMI.2023.3275156&partnerID=40&md5=3c3d235b3267141de4c6c1d67636d2a6,2,X,
CCNet: Criss-Cross Attention for Semantic Segmentation,2023,TPAMI,257,10.1109/TPAMI.2020.3007032,https://www.scopus.com/inward/record.uri?eid=2-s2.0-85160176976&doi=10.1109%2fTPAMI.2020.3007032&partnerID=40&md5=256c9db3280d971b210163946717a221,2,O,
Salient Object Detection via Integrity Learning,2023,TPAMI,242,10.1109/TPAMI.2022.3179526,https://www.scopus.com/inward/record.uri?eid=2-s2.0-85131753461&doi=10.1109%2fTPAMI.2022.3179526&partnerID=40&md5=d9f4c9845aeba55c7c6e173a444e3ece,2,O,
Class-Incremental Learning: Survey and Performance Evaluation on Image Classification,2023,TPAMI,319,10.1109/TPAMI.2022.3213473,https://www.scopus.com/inward/record.uri?eid=2-s2.0-85139824563&doi=10.1109%2fTPAMI.2022.3213473&partnerID=40&md5=0a17502dc686356e465c44d5e9885cb0,2,O,
Contextual Transformer Networks for Visual Recognition,2023,TPAMI,406,10.1109/TPAMI.2022.3164083,https://www.scopus.com/inward/record.uri?eid=2-s2.0-85127461542&doi=10.1109%2fTPAMI.2022.3164083&partnerID=40&md5=4561477b353300cd0efdb244a2c6a6c7,2,O,
Image Segmentation Using Deep Learning: A Survey,2022,TPAMI,2641,10.1109/TPAMI.2021.3059968,https://www.scopus.com/inward/record.uri?eid=2-s2.0-85100948197&doi=10.1109%2fTPAMI.2021.3059968&partnerID=40&md5=115a97279a77fb75cf00d20ca1578417,5,X,Survey paper.
Cascade R-CNN: High quality object detection and instance segmentation,2021,TPAMI,1100,10.1109/TPAMI.2019.2956516,https://www.scopus.com/inward/record.uri?eid=2-s2.0-85103804300&doi=10.1109%2fTPAMI.2019.2956516&partnerID=40&md5=55ae448a1b157d7c10e9ad398a20756e,5,O,
Efficient and Robust Approximate Nearest Neighbor Search Using Hierarchical Navigable Small World Graphs,2020,TPAMI,784,10.1109/TPAMI.2018.2889473,https://www.scopus.com/inward/record.uri?eid=2-s2.0-85081585869&doi=10.1109%2fTPAMI.2018.2889473&partnerID=40&md5=428f4b9e942211c46b576b43d1b62dad,5,wip,
Self-Supervised Visual Feature Learning with Deep Neural Networks: A Survey,2021,TPAMI,1102,10.1109/TPAMI.2020.2992393,https://www.scopus.com/inward/record.uri?eid=2-s2.0-85116564104&doi=10.1109%2fTPAMI.2020.2992393&partnerID=40&md5=caa9b7c4cb4c6cfa51d5bb3b17790ab7,5,X,Survey paper.
Meta-Learning in Neural Networks: A Survey,2022,TPAMI,1079,10.1109/TPAMI.2021.3079209,https://www.scopus.com/inward/record.uri?eid=2-s2.0-85105850460&doi=10.1109%2fTPAMI.2021.3079209&partnerID=40&md5=91a28d509d70e45dadbe80985f2a7b93,5,X,Survey paper.
U2Fusion: A Unified Unsupervised Image Fusion Network,2022,TPAMI,1233,10.1109/TPAMI.2020.3012548,https://www.scopus.com/inward/record.uri?eid=2-s2.0-85122546767&doi=10.1109%2fTPAMI.2020.3012548&partnerID=40&md5=c8db2fbcad40161c817532345459c056,5,O,
Focal Loss for Dense Object Detection,2020,TPAMI,4877,10.1109/TPAMI.2018.2858826,https://www.scopus.com/inward/record.uri?eid=2-s2.0-85050389019&doi=10.1109%2fTPAMI.2018.2858826&partnerID=40&md5=00a9ad2c81929a99cf7546d5aa05f920,5,O,
A Survey on Vision Transformer,2023,TPAMI,2135,10.1109/TPAMI.2022.3152247,https://www.scopus.com/inward/record.uri?eid=2-s2.0-85125362171&doi=10.1109%2fTPAMI.2022.3152247&partnerID=40&md5=e6f58af2558fe73908eed19f4a759bff,5,X,Survey paper.
Got-10k: A large high-diversity benchmark for generic object tracking in the wild,2021,TPAMI,1080,10.1109/TPAMI.2019.2957464,https://www.scopus.com/inward/record.uri?eid=2-s2.0-85103976016&doi=10.1109%2fTPAMI.2019.2957464&partnerID=40&md5=3fd7d1e870e60df363a83a52a092c544,5,O,
Image Super-Resolution via Iterative Refinement,2023,TPAMI,831,10.1109/TPAMI.2022.3204461,https://www.scopus.com/inward/record.uri?eid=2-s2.0-85139394191&doi=10.1109%2fTPAMI.2022.3204461&partnerID=40&md5=0a6c2fdbccbcff64c81c881fbc9171aa,5,X,Duplicate
Event-Based Vision: A Survey,2022,TPAMI,1238,10.1109/TPAMI.2020.3008413,https://www.scopus.com/inward/record.uri?eid=2-s2.0-85122414075&doi=10.1109%2fTPAMI.2020.3008413&partnerID=40&md5=a083c3250ba4494b7a0806283dab712b,5,X,Survey paper.
Deep High-Resolution Representation Learning for Visual Recognition,2021,TPAMI,2899,10.1109/TPAMI.2020.2983686,https://www.scopus.com/inward/record.uri?eid=2-s2.0-85114593332&doi=10.1109%2fTPAMI.2020.2983686&partnerID=40&md5=7ddbd3c16f6f677e2e037f12c6329579,5,O,
Deep Learning for 3D Point Clouds: A Survey,2021,TPAMI,1341,10.1109/TPAMI.2020.3005434,https://www.scopus.com/inward/record.uri?eid=2-s2.0-85118607559&doi=10.1109%2fTPAMI.2020.3005434&partnerID=40&md5=9d154cc4e2d7cf3262657971ba59c0d2,5,X,Survey paper.
Res2Net: A New Multi-Scale Backbone Architecture,2021,TPAMI,2319,10.1109/TPAMI.2019.2938758,https://www.scopus.com/inward/record.uri?eid=2-s2.0-85099721871&doi=10.1109%2fTPAMI.2019.2938758&partnerID=40&md5=133662e5728d6b6b86759197fd81fe52,5,O,
Deep Learning for Person Re-Identification: A Survey and Outlook,2022,TPAMI,1317,10.1109/TPAMI.2021.3054775,https://www.scopus.com/inward/record.uri?eid=2-s2.0-85100450779&doi=10.1109%2fTPAMI.2021.3054775&partnerID=40&md5=1734cad3646ff7f3326afdf5b172276f,5,X,Survey paper.
Mask R-CNN,2020,TPAMI,2628,10.1109/TPAMI.2018.2844175,https://www.scopus.com/inward/record.uri?eid=2-s2.0-85048205789&doi=10.1109%2fTPAMI.2018.2844175&partnerID=40&md5=017faa4e71724d54c516ceea41ce0340,5,O,
ProtTrans: Toward Understanding the Language of Life Through Self-Supervised Learning,2022,TPAMI,809,10.1109/TPAMI.2021.3095381,https://www.scopus.com/inward/record.uri?eid=2-s2.0-85138449494&doi=10.1109%2fTPAMI.2021.3095381&partnerID=40&md5=8fd0be18cacc69f9dde8b1485e306e22,5,O,
Deep Learning for Image Super-Resolution: A Survey,2021,TPAMI,1097,10.1109/TPAMI.2020.2982166,https://www.scopus.com/inward/record.uri?eid=2-s2.0-85114643512&doi=10.1109%2fTPAMI.2020.2982166&partnerID=40&md5=c9d6df0d439018146adf0dad3356b035,5,X,Survey paper.
NTU RGB+D 120: A Large-Scale Benchmark for 3D Human Activity Understanding,2020,TPAMI,1109,10.1109/TPAMI.2019.2916873,https://www.scopus.com/inward/record.uri?eid=2-s2.0-85086639627&doi=10.1109%2fTPAMI.2019.2916873&partnerID=40&md5=639fc1fe68383d5fa956352b98676c5a,5,O,
Towards Robust Monocular Depth Estimation: Mixing Datasets for Zero-Shot Cross-Dataset Transfer,2022,TPAMI,825,10.1109/TPAMI.2020.3019967,https://www.scopus.com/inward/record.uri?eid=2-s2.0-85124052348&doi=10.1109%2fTPAMI.2020.3019967&partnerID=40&md5=dfb723d96d1ddae455a740a88ed3805d,5,O,
Squeeze-and-Excitation Networks,2020,TPAMI,4886,10.1109/TPAMI.2019.2913372,https://www.scopus.com/inward/record.uri?eid=2-s2.0-85087876907&doi=10.1109%2fTPAMI.2019.2913372&partnerID=40&md5=902ffffc01182040af5cd7516b2ef1e3,5,O,
Diffusion Models in Vision: A Survey,2023,TPAMI,717,10.1109/TPAMI.2023.3261988,https://www.scopus.com/inward/record.uri?eid=2-s2.0-85151522021&doi=10.1109%2fTPAMI.2023.3261988&partnerID=40&md5=f946e1cbe14369269101669311e7b3b0,5,X,Survey paper.
A Continual Learning Survey: Defying Forgetting in Classification Tasks,2022,TPAMI,1039,10.1109/TPAMI.2021.3057446,https://www.scopus.com/inward/record.uri?eid=2-s2.0-85100848406&doi=10.1109%2fTPAMI.2021.3057446&partnerID=40&md5=678aaea0adef830ba7dd7e5d2ce74fd3,5,O,
Tensor Robust Principal Component Analysis with a New Tensor Nuclear Norm,2020,TPAMI,750,10.1109/TPAMI.2019.2891760,https://www.scopus.com/inward/record.uri?eid=2-s2.0-85081692461&doi=10.1109%2fTPAMI.2019.2891760&partnerID=40&md5=a5cac54cd15b06ee686bc00ae141bdc1,5,O,
OpenPose: Realtime Multi-Person 2D Pose Estimation Using Part Affinity Fields,2021,TPAMI,2666,10.1109/TPAMI.2019.2929257,https://www.scopus.com/inward/record.uri?eid=2-s2.0-85097571356&doi=10.1109%2fTPAMI.2019.2929257&partnerID=40&md5=96f641fa38b1bd304f4628884edec2e1,5,O,
Spatial Pyramid Pooling in Deep Convolutional Networks for Visual Recognition,2015,TPAMI,9854,10.1109/TPAMI.2015.2389824,https://www.scopus.com/inward/record.uri?eid=2-s2.0-84939247735&doi=10.1109%2fTPAMI.2015.2389824&partnerID=40&md5=bb98a04474f7ebe9514a5c0ed24fd0d6,15,O,
Fully Convolutional Networks for Semantic Segmentation,2017,TPAMI,8132,10.1109/TPAMI.2016.2572683,https://www.scopus.com/inward/record.uri?eid=2-s2.0-85015843890&doi=10.1109%2fTPAMI.2016.2572683&partnerID=40&md5=67587427b6fc983504dcc993e86ca9ac,15,O,
High-speed tracking with kernelized correlation filters,2015,TPAMI,5702,10.1109/TPAMI.2014.2345390,https://www.scopus.com/inward/record.uri?eid=2-s2.0-84922907906&doi=10.1109%2fTPAMI.2014.2345390&partnerID=40&md5=e20c5cac25b1fbf1cc1094852a9389ae,15,O,
Focal Loss for Dense Object Detection,2020,TPAMI,4877,10.1109/TPAMI.2018.2858826,https://www.scopus.com/inward/record.uri?eid=2-s2.0-85050389019&doi=10.1109%2fTPAMI.2018.2858826&partnerID=40&md5=00a9ad2c81929a99cf7546d5aa05f920,15,O,
3D Convolutional neural networks for human action recognition,2013,TPAMI,5290,10.1109/TPAMI.2012.59,https://www.scopus.com/inward/record.uri?eid=2-s2.0-84870183903&doi=10.1109%2fTPAMI.2012.59&partnerID=40&md5=c4f1af2dec9e9bc88644f68509a67833,15,O,
Deep High-Resolution Representation Learning for Visual Recognition,2021,TPAMI,2899,10.1109/TPAMI.2020.2983686,https://www.scopus.com/inward/record.uri?eid=2-s2.0-85114593332&doi=10.1109%2fTPAMI.2020.2983686&partnerID=40&md5=7ddbd3c16f6f677e2e037f12c6329579,15,X,Duplicate.
Tracking-learning-detection,2012,TPAMI,3262,10.1109/TPAMI.2011.239,https://www.scopus.com/inward/record.uri?eid=2-s2.0-84861312439&doi=10.1109%2fTPAMI.2011.239&partnerID=40&md5=f399fb8e1be862e9d7d50ab3e6b9e4cf,15,X,No dataset.
Robust recovery of subspace structures by low-rank representation,2013,TPAMI,3187,10.1109/TPAMI.2012.88,https://www.scopus.com/inward/record.uri?eid=2-s2.0-84870197517&doi=10.1109%2fTPAMI.2012.88&partnerID=40&md5=52ec1b7fa3b33d15dbf5dfa4297e57a8,15,X,Methodology
Places: A 10 Million Image Database for Scene Recognition,2018,TPAMI,2656,10.1109/TPAMI.2017.2723009,https://www.scopus.com/inward/record.uri?eid=2-s2.0-85023199574&doi=10.1109%2fTPAMI.2017.2723009&partnerID=40&md5=1e263351d811dcce38038fd224b8029d,15,X,Duplicate.
Object detection with discriminatively trained part-based models,2010,TPAMI,8657,10.1109/TPAMI.2009.167,https://www.scopus.com/inward/record.uri?eid=2-s2.0-77955422240&doi=10.1109%2fTPAMI.2009.167&partnerID=40&md5=098113dbe52af5b479bad274ecf57f08,15,O,
Human3.6M: Large scale datasets and predictive methods for 3D human sensing in natural environments,2014,TPAMI,2714,10.1109/TPAMI.2013.248,https://www.scopus.com/inward/record.uri?eid=2-s2.0-84903127719&doi=10.1109%2fTPAMI.2013.248&partnerID=40&md5=f8b4dc9ac7f97c5c63fc9cae17494e16,15,O,
Guided image filtering,2013,TPAMI,5121,10.1109/TPAMI.2012.213,https://www.scopus.com/inward/record.uri?eid=2-s2.0-84882376954&doi=10.1109%2fTPAMI.2012.213&partnerID=40&md5=5707ce051532dfb4e76a79574856821c,15,X,No dataset.
Single image haze removal using dark channel prior,2011,TPAMI,6443,10.1109/TPAMI.2010.168,https://www.scopus.com/inward/record.uri?eid=2-s2.0-80054892393&doi=10.1109%2fTPAMI.2010.168&partnerID=40&md5=52f398ada3a7b4f74769b9efd21ba4bd,15,O,
SegNet: A Deep Convolutional Encoder-Decoder Architecture for Image Segmentation,2017,TPAMI,15060,10.1109/TPAMI.2016.2644615,https://www.scopus.com/inward/record.uri?eid=2-s2.0-85033697420&doi=10.1109%2fTPAMI.2016.2644615&partnerID=40&md5=1209b1085754e5f73e02de902063028a,15,O,
Representation learning: A review and new perspectives,2013,TPAMI,9997,10.1109/TPAMI.2013.50,https://www.scopus.com/inward/record.uri?eid=2-s2.0-84879854889&doi=10.1109%2fTPAMI.2013.50&partnerID=40&md5=92867e41fa47332f88fba4e8d594fbaa,15,O,
SLIC superpixels compared to state-of-the-art superpixel methods,2012,TPAMI,8295,10.1109/TPAMI.2012.120,https://www.scopus.com/inward/record.uri?eid=2-s2.0-84866657764&doi=10.1109%2fTPAMI.2012.120&partnerID=40&md5=a698013dfc49796db815c60c5041591d,15,O,
Faster R-CNN: Towards Real-Time Object Detection with Region Proposal Networks,2017,TPAMI,26841,10.1109/TPAMI.2016.2577031,https://www.scopus.com/inward/record.uri?eid=2-s2.0-85019258369&doi=10.1109%2fTPAMI.2016.2577031&partnerID=40&md5=d7b4c992730c8e0c7b63f78b01ad4bfb,15,O,
Pedestrian detection: An evaluation of the state of the art,2012,TPAMI,2793,10.1109/TPAMI.2011.155,https://www.scopus.com/inward/record.uri?eid=2-s2.0-84857435937&doi=10.1109%2fTPAMI.2011.155&partnerID=40&md5=12a9dff5dd5fd747d9413770347b6194,15,O,
Learning without Forgetting,2018,TPAMI,2803,10.1109/TPAMI.2017.2773081,https://www.scopus.com/inward/record.uri?eid=2-s2.0-85035137409&doi=10.1109%2fTPAMI.2017.2773081&partnerID=40&md5=fd1eefd02f57f87f4d820b2f549e0141,15,O,
Squeeze-and-Excitation Networks,2020,TPAMI,4886,10.1109/TPAMI.2019.2913372,https://www.scopus.com/inward/record.uri?eid=2-s2.0-85087876907&doi=10.1109%2fTPAMI.2019.2913372&partnerID=40&md5=902ffffc01182040af5cd7516b2ef1e3,15,X,Duplicate.
Image Super-Resolution Using Deep Convolutional Networks,2016,TPAMI,8040,10.1109/TPAMI.2015.2439281,https://www.scopus.com/inward/record.uri?eid=2-s2.0-84962128851&doi=10.1109%2fTPAMI.2015.2439281&partnerID=40&md5=85dfb77242a07a971ab72603a1f105ba,15,O,
"DeepLab: Semantic Image Segmentation with Deep Convolutional Nets, Atrous Convolution, and Fully Connected CRFs",2018,TPAMI,16385,10.1109/TPAMI.2017.2699184,https://www.scopus.com/inward/record.uri?eid=2-s2.0-85042712042&doi=10.1109%2fTPAMI.2017.2699184&partnerID=40&md5=3749c2afbfb0702e32e54f7ddbe7956a,15,O,
Contour detection and hierarchical image segmentation,2011,TPAMI,4698,10.1109/TPAMI.2010.161,https://www.scopus.com/inward/record.uri?eid=2-s2.0-79953048649&doi=10.1109%2fTPAMI.2010.161&partnerID=40&md5=da7aba21e10f8c7a68ca50ddeca3676d,15,O,
Object tracking benchmark,2015,TPAMI,3295,10.1109/TPAMI.2014.2388226,https://www.scopus.com/inward/record.uri?eid=2-s2.0-84939235624&doi=10.1109%2fTPAMI.2014.2388226&partnerID=40&md5=a18dddba9d374892cfd29d04c8d49e2b,15,O,
OpenPose: Realtime Multi-Person 2D Pose Estimation Using Part Affinity Fields,2021,TPAMI,2666,10.1109/TPAMI.2019.2929257,https://www.scopus.com/inward/record.uri?eid=2-s2.0-85097571356&doi=10.1109%2fTPAMI.2019.2929257&partnerID=40&md5=96f641fa38b1bd304f4628884edec2e1,15,X,Duplicate.